-- phpMyAdmin SQL Dump
-- version 5.2.1
-- https://www.phpmyadmin.net/
--
-- Servidor: 127.0.0.1
-- Tiempo de generación: 15-11-2025 a las 18:17:13
-- Versión del servidor: 10.4.32-MariaDB
-- Versión de PHP: 8.2.12

SET SQL_MODE = "NO_AUTO_VALUE_ON_ZERO";
START TRANSACTION;
SET time_zone = "+00:00";


/*!40101 SET @OLD_CHARACTER_SET_CLIENT=@@CHARACTER_SET_CLIENT */;
/*!40101 SET @OLD_CHARACTER_SET_RESULTS=@@CHARACTER_SET_RESULTS */;
/*!40101 SET @OLD_COLLATION_CONNECTION=@@COLLATION_CONNECTION */;
/*!40101 SET NAMES utf8mb4 */;

--
-- Base de datos: `agrochoco`
--

-- --------------------------------------------------------

--
-- Estructura de tabla para la tabla `categorias`
--

CREATE TABLE `categorias` (
  `id` int(11) NOT NULL,
  `nombre` varchar(50) NOT NULL,
  `descripcion` text DEFAULT NULL,
  `fecha_creacion` timestamp NOT NULL DEFAULT current_timestamp()
) ENGINE=InnoDB DEFAULT CHARSET=utf8mb4 COLLATE=utf8mb4_general_ci;

--
-- Volcado de datos para la tabla `categorias`
--

INSERT INTO `categorias` (`id`, `nombre`, `descripcion`, `fecha_creacion`) VALUES
(1, 'Frutas', 'Frutas frescas y de temporada', '2025-11-15 01:00:10'),
(2, 'Verduras', 'Verduras y hortalizas', '2025-11-15 01:00:10'),
(3, 'Tubérculos', 'Tubérculos como papa, yuca, ñame', '2025-11-15 01:00:10'),
(4, 'Cereales', 'Cereales como maíz, arroz, trigo', '2025-11-15 01:00:10'),
(5, 'Legumbres', 'Legumbres como fríjol, lenteja, garbanzo', '2025-11-15 01:00:10'),
(6, 'Lácteos', 'Productos lácteos y derivados', '2025-11-15 01:00:10'),
(7, 'Cárnicos', 'Carnes y productos cárnicos', '2025-11-15 01:00:10'),
(8, 'Otros', 'Otros productos agrícolas', '2025-11-15 01:00:10');

-- --------------------------------------------------------

--
-- Estructura de tabla para la tabla `novedades`
--

CREATE TABLE `novedades` (
  `id` int(11) NOT NULL,
  `titulo` varchar(255) NOT NULL,
  `descripcion` text NOT NULL,
  `imagen` text DEFAULT NULL,
  `usuario_id` int(11) DEFAULT NULL,
  `fecha_creacion` timestamp NOT NULL DEFAULT current_timestamp()
) ENGINE=InnoDB DEFAULT CHARSET=utf8mb4 COLLATE=utf8mb4_general_ci;

--
-- Volcado de datos para la tabla `novedades`
--

INSERT INTO `novedades` (`id`, `titulo`, `descripcion`, `imagen`, `usuario_id`, `fecha_creacion`) VALUES
(1, 'Nueva temporada de cacao', 'Inicia la nueva temporada de cosecha de cacao premium en la región del Chocó', 'data:image/jpeg;base64,/9j/4AAQSkZJRgABAQAAAQABAAD/2wCEAAkGBxITEhUSExMWFhUXGB0YGBgYGBoYGhgaHRgXGB0aIB0fHiggGyAlHRcXITEhJSkrLi4uFx8zODMtNygtLisBCgoKDg0OGhAQGy8mICYtLS0tLS0tLS8tNS0tLS0tLS0tLy0vLS0tLS0tLS0tLS0tLS0tLS0tLS0tLS0tLS0tLf/AABEIALcBEwMBIgACEQEDEQH/xAAcAAACAgMBAQAAAAAAAAAAAAAEBQMGAAECBwj/xABFEAACAQIEAwYEAwUGBQIHAAABAgMAEQQSITEFQVEGEyJhcZEygaGxQlLRFCNiwfAVM3KSouEHQ4KywnPxFiREU2Oz0v/EABkBAAMBAQEAAAAAAAAAAAAAAAECAwAEBf/EACsRAAICAgIBBAECBwEAAAAAAAABAhEDIRIxQQQTIlFhMvAUQnGRoeHxgf/aAAwDAQACEQMRAD8A8Wnw7KbEVz3J5ir/AIJ8JYiWzAaAje3KqnxcoZCsWq309KlGbZ0SxpAODtmv0q59m+z8+J8Siy/mO3y61XOH4IBlL/DcX9KuGN/4hhF7qBQqgWGlTzSn1BDYIQe5sO4v2UWJCzS3a21Kuz5yTK+5GtqruL41iMQ1yWP2p5wmNrrf5mlxxyKL5sbLLHyXBF74/hsVLAHweRgfiGzLel/BMO6RXlbxi+rCwFMBJIiZo7q4G68/1pRN2wJus8QbkSPC36Vz5MCr4nRg9S3+oLixbSXsNtj+bz9KA4zKqJlysXbmu3zrcPaPCAAAugH4SoI6biopeL4exCTIPKx/nUPakn0dSzRa7IIcfILAoAALA3sTpvTCCRdGfdt7t7UoGNDHWeHpsTp+tdSRxFR/81ECTc2DH5bUfal9A96P2McUpKNGpBG9r6+9A4jAhgAbZjtzriD9kW+aeRiTtGlr/NquPB+OoVEeFwa5rW7yU5j7D9aaOF32Tn6hJdCfB2iUZzcDkedMIGsBJbQ8qX8XwxVz3j5m3Nth+lRYficcvgDZbaa7VSeJQWieLM8jt9DSaaJ/h8LdKVSSlXBy3HOmTcNyANbMOo1rRmQWtv0NT35OjVaDMNOth0NTY+dEjJOxqvYjiChrWy39qY4LFI1kfUculMmI0JzPEoKhPA5u2YU/Ts1h+7Vksbi9uldz8NJJJIKtsANBQGeTDaFSUY6X5UuRySdGhTog4jwSTD/vIzdfxL5VCnEHZl7uLMhHjJP2plxCPESR6WVTzGtLOHzNh38QunOlxSm/1oacV/KzbTd2S3dsE+1QycSaWxiTMtWLiBzjOtipHKkyI2FYNa8bb22orH8uTNyVUVhsFnmzlMoGpFQccxETAAbg1fMThVZc6ag1Qu0XCLEyJoAfEKtGN5Fb6IT1jfFdlm4IcMI8iEZ7X86S9r/DYEX8xVXwuPMcoZTTjFcaLpZhf1pZennHMpLYkc0XiaehdG4tV47OYS0AdWvm3qgBwdqfcC78qyxtawvauj1UOUCHp58ZEPajClZLlt+VJb3NqIx+d3JcksNKhQWqmGLjBJiZpKU20b7qsrRY1lVJHOIwrQsyty0PrR3COHXGdudZj8U+LxGZrD81hYU3vYZRoBSopJ+CNMEXOVQSfKtjs8oN3XWjsBFISQrFRpe2/peneKVywZrWsAB0rWwUqFEOBVBfLUOU+g502xL30AoPEYW6/F4eduZ6VgDHgPE2cFAfh+Hqah4nPHJcSxqx/MPC1D4KPu7ECjONRxzoCtg4+tLJfQY1ZWMbwxN0YjyI/nS3+zn5WPzqTGPIhsbj1ocY9+tJRf8A9D8LwbEObLET6Wp7g+wPEG2htfqyj+dV/CcdnQ3V7U3/APjniFrDEEeir+lLSD8/FFw4X/wsxRsZHiQfNz7aD61a4OzmCwKZp8Te3Vgg9hqa8bn7VY5/ixUpHQNb7WoSZJGUyysco5sSST0F6eKXhEcl/wAzLP204/DMxTDDKn5rWv6D+dVUAqDY0sXiIvsakXEX51RxT7EhJw6H/C+1ksXhzEjoacQcajnax8B+lUvKp9a3CHU3G1SnhTWjpx+oaez0duDXXMLMDzGtBS4dkt0pHw7j7w6Z7fO4oviva8GM3QFuRFczxeDrWXyy68Ix/gytqbaVFiJ8a8bRSKmV/hJFyB0qldneP98NbK67j+deicJxyyKEJ8Vt6zTvi+wWmuS6E3DMc8N4ZbEG4U8r9KXY7hOI0LE2a50IsKccZEYEkUzIFNirEjMpofhnH0WJo5GDgDwsDe/SslejN1sG4fiGg8BN0YWB/KaWz4HEGRo2kLQhrjL1PP6112lxCxuAWN2ALA8x6cjWsLxghkhQgl7ak6AX5+dFfQH9hWDmOH/dliY20v08xW+NcJyqO7TvFOuYnSgu2OLiRhDnWykMxGpHlRPZbtFESYSSYzsW3FCvsPL6Kbxbs8Y/3oFhfUdPOkE8uuteh9qOPQxu8Mfj5E8h+tU14VazaAHl0rrxTfUjiz413EUxynMCNKsPDeINGbpzpc0A2AopIcm+9POKkqZGDcXaJcTdmZjuaFtU8Ssx0BJ6CmT8OkMYtFlI3JOppbjBJD8ZTbaQntWVIYzWVQmM+BYVVAL3sdWI3phlSRwsWcj+IWrWHS6Ll51Z+DcKVVvzP2oBs5weECgADX709HZ52S9/F7gUuxCkXy6G2h6GkWD7ePC5SQ3tpmG1c+eWRVwR0enjjlfN7GWP4FiFIXIbH4mGoAqN8LztYAWA/nT/AIb20jkGtrHbUUwkxGGl0dNeornj6zxNF5ej8xZRpxpVa4liXVvCdq9KxnZlXBMMnoG/WqF2i4FiIrlomPmBce4rrhnxz6ZyTwTj2ivYniWcjMdqgyZtrH512+F0sNSdzQsuEy7VakRTaGGC4TPIbKv1Aq0YPsFLbNNLFGvm9UaPvV1BYehNEww4ibwqHb1JI+tK0ltjJzekW3EzcNwoOVziZB+UeEH12qncV4pJO2ZyAOSjQCmWO7MTRRd4xXqVG9Iu6PShCcJq4uwzxTg/mjhh01qZGHK960kVq9E/4Y8AjdXnkTNY2W4uB50MuRY48mNix+5LiiiRk87imaJpc6irX22w8ccl8gFxyFViRnVbZAQ2o0+1Jize4rorlwe3qziHAGS+UaChuKcHdbeLQ7c6OwjPGb5Tc7ii4sHPiZA0UDtlH/SfnVHKnb6JRja12VOOJ4WDqdR9fKvR+C8UVo+9QgWFzf8ACRyNKON8KaNR3yrGx6aj00qvANGCVly5xqo5jzqc1HKrRXG5YXT6M4li5JJHkkkzs5v5eVc4HEhWBbNYagDqNqUSTtfeu0glZTIFYre2YDS/Sqe3rYnu70hnicdI7s7EktuTXOC4gY2Lb3FKjFJpo2u2h1tqayHDO+qqTW9uNbB70r0FzYnMxYm5JvXeFxvdm6kdKExOBkjtmW19RUSwsdgaZQi0K8kk9rYU04JveullHWh4sK7fCpb0BP2p1wzsviZLHIUXq/h+m/0oPjHtmTnPSQPCedS5tdfnT9OyyprLOB6Cw9yf5US/AYyLxuCp28IbbnepvNBFI+nmxgnEsDh0VYvGxGthdr0t4jjJpVIjifXqMv3pnwlMhKN3YFtCqFST52+9G4iRhsv+/wA+dcDST5d/1PSi5cePRSP7HxX5F961Vrbvun1rKr/Ez/BH+Fh+QngPCMmRHsSq622FtqsOwHnVZ4x2h7mXu1AuQSwY2I00t1FT9n+0aTBrks4toFsCTso1PQ/KvQo8sZYt7AqAC7bD+Z8hVbi7ItPJlvoTqfXc1aMPhSDdj42+I8gOg8qs/CMGI4y7G2bYDcD186jmyLHGy2GHOSRWcN2awODjIKB2Frs3iN+gHKlPaJ0ihM0IKMupTNe4/WrhL+yjxGMEXsGbMxZz+FRqzH0G1V/tFwiOYArZCP4igPkRIFv8q8uClOSlLo9eTjCLjHsq/Cu3AuMxIPtVqwvbCNxZiCOnOqjj+yFxmaNh5gXHrcXFV0cCmUkxv4RpqeddcvSwe4ujjj6qa1JWelzJgp9SgUnmNDSbF9i0kJaCcf4ZBb6j9KqQxuJgNmuetuVMuH9qUvrdT60vDNj66HcsGXvskxHZbExaSRMVzCzR+NdTbcbCrvxDDYfARKrMoOW4Fxr50ng7YFI2ZLEgG2vPYaVX8VxbEzuDiVifILi6gfUC5rPnm1IK44NxAuO8YkxAbu/7sHU7Urw8Dnb2NWSLFtoWjisTsAduZ6V1iopRHmiARL65rbda6oRWNUkcs5+6+TZX8SYx4crMRobaC9et/wDDiAR4BWIsXLH61ReE4TvfBJNCBcMUylpNegAAuel6v+EmaKFY448iKLBpjkH+Xf6Vy+qyJx4nR6fG75FX7fOTKgRGck2yqCT9KBwfZnFyOGa0WmgJzMB/hH+1WjFcbhjvnlztzCAIvvufekuL7ahVKQoFvudyfnuajiyTUaii2THFu5MY4bhOEwus0jSyW/EdvlsKD4l20yjLGAo200qg8T4k7SFmJvzpS+IdzuR6V0L0sp7myEvUwhqCLHi+LPMbM17fSoTELa86DwWFjVczNma2gHPpVt4LwnDuoZ2ZrAZlVgD/AEP5V0x44414OWSlllfkpmI4droN9gNSfIVYuzvD8ZACO6cIdSGXe/8ACatkXBIoiksSg2N1fxXU9Dc+Fv6F6ZYTFkMZJPGQLAHbW9z51DJ6hT+KX9zoxemcHyb/ALFfwGCdmBeIqAbjbQ2sdL8xUGI7PlQVjKqPYj2BFXnvIXQlBYje+o9+XztSXFLJpZdxcHSxHUHmK5nFxOpNSZT8bwjIqr3UTnW7PKVZtb81W+/Im1Hdl8NFlLHDZGuRm+JSPIk0zn4e0gtJlI6Wzfep8LhhGMq7dOXttVHmbjQiwpSs3JLCulh6CoVxTX/dq3z2PyO9GwSQ3swyk89x+o/rWosTIFNrg32tzqdPwUtdMA4phRIVk7pWkAtZmITrfY29vtXEPDJyoLuiLvlQZraWtmOnsKkmxRzKotmbUAkAkDnUsCSLqWt1A1B9evtTc5JUxeCe0cNw+Hmik8zzPzvXC4pYgFQAAbAfpRDCMnxae5H6/epWjVBdQLHmttaW2NSEx43iD/8ASn2v/wCVZTb9tHnWU/NfQnF/ZPx7sKMQxdkbvGba4BVAOhOt/Kh+w/YieJpJMmVSSACw8Ott76nTei5OO4rGTJ+zRuTmBzWIVddyTpar7wyOTJIiEB1a4v8ACbMWt5Ag11RzSb6OKfp4pdi2Psy51Zgo+ZJqDGRzgmMsuVR8Km0rgfhUE5bnTU7XonH8fxSsVmw/djZbMrNK3JUAO/MsbBRqaEfDySKO+EDc8jRZlX+ENmDaD8R3pciWTTHxL29kuF4dICJJV8drKo1WJT+FTzJ/E+7HysKKpYuCyfDG6dO4xDr/AKH8P1rr9omX/nyek+HEg/zw/cmmWlVGa5O7/f8AkKbBxnXIAeoGU+4sahl4ap/E3/VaT/8AYGNcx4+Q6BMPL/6M+Vv8jg2966biQX+8hnj9Y8494y32rWjVIG/sZBf91h3v+aOx97kf6aBxPZ3Dk3bARHrkCN/3ZD7U6j4nh20WaMnoWyt/laxooVqT8m2vH+DyHH9hJUdzFLlS5Kq4dbC+guy5dNvioROzOKvmKs/mjB/+0mvaahmwkb/Eit6qDT2ybino8nMDRgZgQx6gioZsW7RvG5eQE6AZQPTrYda9YfhqEWu4HTOxX/KxK/SqV2xxeGwv7tUSSc21yqpjHnkCgk9CKzl9oCxtdMrMWByMJrlSSrba6KRYW25H5VNxdMW8f7Q5IjPw5m1PoNx87UTLJntbYi49DRU00TYVRK+WOOQg9W/FoOfP2qWWFfItgyOXxKVPLJbMRpex3+9QYnFNawa1+Sj+e9WvjvFcJLh3iRXVst0zKBe2vI3FUuGAkXqmDatqiXqdSpMjysx5064dEqA5kLddbX8rVHBhLGnMODJW4BI0ubHw+3OrSZCN2c8OVc5YqsSgGx3uR52tepo8fkdjCdDb0Pmb+p260ZhOGO5EYMrqT+FRlHTcAm/86ZQdjJ2fKCASdL7+lhp9ai5R8l+M6+JPgOLEjMh5WZDr6gjmPP7GnGEEcwOXRrapzHmp5jy39Reg5uyv7MA5LFxqb6KT8tajxBRXBXS4BXXQki/hPtXJOKUtHbjlJx+XZ0IZoGzxuTbmNG+ajQ/L2pph+0ZZQJEX1Asp8/I+lBPjGlsrSiNgbEmO9/Mm+hvztUMvBjmzNLKWtzK2tyJUDKw6HX1oKVBcU/6jqfBmWzRrbN812v8AEL5fmBSifhcoJDkrY7W1oaGWbDHMrMuvxLcgj+JdSPrTfA8cz6OVynrqvyI1AotRkC5RFi4FF3ux8z/LauMZArKRcpcfEpKm3qKdY7gcrIXhMebMMuZiykdQRbXyIoJOEFB++XO+99QvyF6Dg47GU4y0LOFYSBcxBYyNu7tmvbYX/D6bedSzQSXsq+50o92AFgoA9AKXPxEofCw9NxSN29jJV0Qtw9yfE4Hp+tSvw8AWWVhve1iDpbW9Q4zjcRAOzcwNR/t6UqxHGhst6ZRl4A5LyFrglAsXckc+8cX+V9Kykp4iev1NZVOOT7J8sZ6zi8LjYrZuIKFPNYFsPlesSHEqDfGL4jmDAJE02g8AYkgCw3AJpMs2JmcHFRvGhPgjNhJKegH4FH4nO2w1Oj3D4TnIFZrZdFAVV5Io5KPc7mnUW2Tk0l/o5ZyJGmmgxOYiwYBZlRPyrlN7cybXPMnSu04lhzp36KekmaI/6wK3Hgo11Vcn+AlP+0iumjf/AO6SPyuqOPqM3+qqbRPT/f8A0JSMkXWzDqpDD3FcEUsk4Yl83cxZvzRs8DfTN9xXXduNpsSg/iEeIX63f7UbYKX2HSxK2jKGHmAfvUIwCD4cyf4HZB7A2+lD/tkw/wCZhn8nD4Zj73H0qU4yQavhZQPzRsky/QqfpQtMNNGTYNmFi4cdJY0cfQKfrQX9kZfhiQecUkkJ/wAouPc0YOL4fYyZD0kVoz/qFvrRsJD6oVcfwkN9q1JmuSE2WZNpMQv+NI5x/pBetrxGUbvhnP5SXw7n/pbN9BTllI3FqQ9r+0aYOLk0zDwIdQP4yPsKDVBTvwDdq+0kmGhP7kpIxyqS6OoPM6G9wOorymCJ55DzY3JJ1+ZrbGSeQkks7m5J1+dWnh2DkgCKnd2uGdipLOBrlte2Xlcf700Yt7FnNJUcfsfdxfiKqPEbHbpflekfFMOxju9wL3CC4KggW+egNWXiuIErhUhdESwJEjASta+QLe2UHUm19KAx5BOTfqeRJ/XXTyqtWtnNdPRRXlJ2zHlduQ6Cm2Ejuott/wC16YTYNb+nsKn4fhlvmdrADoTv5AfT502hbbNwYUgXI02vyFblF/xOANgGYD1te3zo5J4RorhiRqADp6nkPLnQSgucqjfTTz5eZO1L2N0NexYP72xc6La7Ei1zfc+ntV64fxTULIxU/hkG6nz6iqTNFikYErHADcoVJLXFtLbAG+1ztamWFxxZVLqVYnKTY5C1r6HYX6H06VzZIu+R2YpRrgw/tOvEGuvfRFfMFNOulwfeqfhpil4sTiIzt3YBvlJOoJtsfPa1WfGYCKcoJ5JsiArkU2G9wTzPPTT1o3CdmcDFdnRAhBySEXF+V2NzfyPSkTsq/ihBEVS4kMxNtLKGA3sPiv0o7h3GVt3bEOo1sreNL8x02PhOhrrDgMSLgkG197jkb8+Y+VD4t48JDJJ3YLm4U8wW0PyI3qbVv8jrq/A6ZdAwIeM6ZwNvJhyPl7UpxfDVuXQ5D1Hwt6rsfvSLEcdXuLxSZGawZQSD1N+vrVdnxbH4mJ+ZNGOKT/AHlivyXCPjbQHK7hSTurXQjzF7rr1uPOi8R2pkVTs2mgbW/of9687dr1zBO4uBdR67/KrrFrsg82+ix4rjsj7kDyFAz4snc/WloJ61gSioJAeRsIkn6VC0/mvuK4kwysCCP9qHwmBykk2NOkqJtysJ/aB+Yf18qyuso6D2rdDQaZ71PgJkuwfFRDzKToPfxW+VQ9/MP+ZhZPJ1fDt77fSumgnkZe/xBlym6rGojjLDZiFJLW6EkeVFPGRuCKzj9GUvsHOIkGr4SUD80TJKv3BqM8Uw+xlyHpKjR/Ui31qX9mS9woB6r4T7ixqS7WtnYjo1nH+oE/WtsOv3+2dQjOLoVcfwsG+xrGUjcEetAy8OiY3aCEnqoMTe6k/atrhivwTYmPyzrOns+v0rWzUgw1B+xx3uFCnqvhPutjUXeTj/AJmHk8pEeBj8xp9KkXESD48K4H5onSVf5GtaNTR2YmtYSPbo1nH+oE/WgZuFITcxQseoVom/zKT9qI/tSC9i5Q//AJEaP6kW+tQcZ7QQYaLvSyyE6IisDmPnbYUHQVyF/GMdHg0BeaeMsfCiyCa462cbe1eVcQxUmImLsS7uee/l6aVvivEpMRK0srXYn5AdB0Fa4fOo15/XXlWhG2DJPih9wrCLGvVjqxH0A+3uaNxMv4AQGOpJ2VRzPkKSf2iFBJsbcup1NvQVhxF8xbY6yX2OxCem5Pn6CuiqONu3bGzzBQGAOoyxLfU/xH/FqT0AoeQAXOup3oeKcyfvCb328h/In9ByrpiTWDTM7u5Gh/r/AGo/D4MlsgVidzlGpP8ARGtDYcWuTvysNPX9KaYHEtFFJINHJCLe/S5P8/UCg39DRi72KcbA40KlQLgjn/XnW+H4UE2LKg6m9hbl7em3pWxe+Ym7HcnX5elFQFTcaKbWtyI569fX3rBcQ3AYNARJ3ihIifGTdSfxakgcrX5VFiuOrOyphhI2U38LGONtb8hdtbeWvOlnF8BKzJJLKxXeJcqZFy2HwAZbjTccxytREPGJowCxMmp+BUUBbD8OmY3vz6aaUrTGUl10NOGSHJlkde8BIZQb5LC9idyfkN/nTHA44qCp1RtGQ/1vVRfiSRyGWNVOZCSMuQs7WILMdTfUH1qDs1xfFvO3fI7q5HiAuENrAelrfSoPFq4nSsyT4yHWIxwixXdw946LbOBcKqttpyI6DpQ/b+fWOMHlmNtjfY0/jxhDNlII+FhbQ25Ec/6tQ3GIUeBjGikjdWALL5ht7f0bbmaqyr/To85C1mWh8XC9zfMB5a/zoCQsPhLD511RV+TklKvA3K1mWkrM51Jb3NaLN+Zvc03t/kT3fwPVU9K3lPSkcak8z7mpjhCfxGlcEvIym30hvY1wXHUe4pG2GINj9TRGGgB5VnBLyZZG3VDPvF6j3FZW0wGnKspND7PZ+McPklULFiJcOFFlCppfSxujHQa6WG9B9m+E46N2lxDpiQPCpaVhb0BsFYjqL1ZK0yg6EX9azRkzj9oYHx4eaMc2FpB8suvvWlx+GOgnVW/LIDGf9QrpIgvwkr/hYr9jXbu5FmZXHSRFb+QP1rbNokSBj8Pi81IP2rlkI3BHrQJ4dBe/cKp/NC7RH2Gn1rtVdfgxOIQdJFWZfcAt9a1moJpdxLG42I3w0UUqhfhZsjA35aWI8iaMXETnQfssvozRN7G9R4/iXco0k2FlUKL6MrqfmDcD5UbNQDiOMNhsMs+KYiRh/c3Vgzm9wNNFB6GvK+PcZfEsHdUW1/gUKN7623PnXfaDjMmKlMsh8lXkq9BS/hfD3xcndxDTmxuFpO9jvWvJxHEp1zAnkBUHEYTEVO2YG3lrqfqKvMPYSWHUTRX6ZSfvSjtvwaVYkdmzFXsdALAg9PQVoTXNUDJjbgysYeS5zHYaKP5/1/Ki1GcBR8N7W/lf1oCBGOxUW/MbCj4gCPCyZhuEY3PUgbE10tnJGP2E8CDG+HD5SLkaXvbcA305n3oqMMD4izfwlrD6CoFwvdmOZM/eKwzBo2UA+uXKdd9Te9PeJYdTlmT4HHsw0sfn9qRsqkKZ8LmJzXB5gNlA9hqaYxIEijjGwux1JuWO+pPICpZESTxA5XO4OxPUHl6UTxbCjuYiZXBN8tgt8oHO+46bbisF6AKytxxgAAyBj1Klffleu2hPIg/4SDRsxtZtMrDMv1HoeVYIjmBQK4/Kxy+Vj971GVI3FdRA38N7+VYVoH4hggQp/YlDudWYqUABsSCGufIECmUbyQRlY8ttzmuddhoCAo8zyFAycWhWaMEB3LBWIOnQana2l7WFMeIGFXsmISR8xLKNTfXVuVgLC3rbUi2T8Akt2hXFi8UkjSuA6MbsFFraKLpfUi1t9+XWnuGxiOA8ThhyI+1v5GhMVxhf2aSNMMJJ2b+9exVAf4fzC5sLWHytVQw2KmWV5EGWx8QGiuFuDoNBtoRU54uT12Vx5nBfLoseM4AZWdg6ZibqgFrje1zpfy+tRcO7HFlLuQG1GU6EW0vYn1phw7GrOuZdCPiU7qehp1G6zL3U3L4WP2PP571Dm1pnTwjL5IpOJ4WEuLL8rUjx/DsuwverfjsNBGxGc3HJSWpbPJHyUnzJowm0CeOLK3hojvbSmEAW2qEnyovvBfRRXDPVHJsmopAOJwjOb5Qo9a4hwBB8R06ijS1cNMBzo2+gNLs1+zr5+9aqP9rXqPesrUzXE9/LS8sSreU8X/ktq6EktvFh0cdYZf8AxatVyUHSiIafFxD4xNF/6kZI/wAy3FSQlH/u5Y39HF/Y10k7jZ297/e9cTKj/HFE/qtj7isY7niKC7jKOp2964FQtgojoBKg/hkLD/K2lZMncp3pnQIDb99EBv5gi9aw0axmNihRpZh4EF7H8R5KOpryXtB2hlxUjMSVS2VYwbKF5C1S9suPSYmY5mBRNEC6L6gVXZDfQG1J2UXxQJxKUkZRtfXzq29jZJsMtzC7KfxKub7UlwWBQix58yQPvV74d2gniQLCkCgaXJLn10rSaa4gjFp8jJuNySmyxyf5G/ShOK8HxL4XENKCBlBVTv4Tmv8AS1Hy9oMaTriUX/DGf/5oPiPFZxGTJiJHU3DARi1tuZqSik7RVybVM89hww3YXPSjYMPIxyI7rrrkNhc7ep6VLHDfwrqx+g/rlzp9w3BCOx6akkXv1Nq77PMS2BfsrwnxtirkeJspkWw5MPre2lLpeLmKIoJGyl8wy2101uTqOWlXLHY5lVWKvNmuFKOtrWtYg6G2upvbSq7xLh0eJJacyRPfQjK8SryHhUFTpuaRbZV6VWRdh1fF4oKM2VAXYlthtsBvr9KfcfxAaYqvwxjIPlv9ftXPZSTDYHDTSxu0rTNkUhDoFB+l9b86Vx4uI/8AMF/4tDWf4DH8ktYRXSpfax9CK0ykbi1AcxXI2JHzrcjllKmxB35fVbVzWVjAmG4JEXGVTfexa66a67G2nWuMXisTJnKt4RoQqAKALb7kE+Rpqs3dwyy87ZF9W3+n3pdBg51hU2KhzfMpFwDrci3lb51vIr6ol4XgZSj5S4LC7ZRc2uOoNjyv5+lOoBBMFV88eRcqo7Rp3nh1IF9dr386kwXBTLHmclEYaWJBby0I0NR47CxpZGKkA5QtrgnYAG1juKLqxY2l0aw3DcPIGfCyqkiW8Q/eE7+AgG1tvY+tEYbEgj94BE/NWIHzB5jQ+1Et2RxSaxQvHca92QGHuSCPKkfGODwwsExWLKTnxOHsTY6DQDTQVKeOyuPLx6EuL0Y+p+9CvOo3IHrRjcME6v3J8EZsHBILADVrcxe9K1wK5iM3PTQa+Wu+tZRQ7k/CM/bATZbsfIH/ANqGxGLcC+Wxvax0PtVp4cMNFGyPGxkkBKyGw8Q2WzAAW8r0ji4PLIxuwdx8QG4+Q1t506USUpTFVpnF7/Ib1PHAdjvztRAzxMU+RBF/auuJ4OVPCxsCdPCRt5n15U/4JrqwdcLbTKT55gL/ACrdRpw4kXANZRr8i8j0PB/8VX/52GRvNCUPttTzCf8AEXAP8XexH+IBh7ivFxiF6mulkB51PiWU0z6CwfGsJKLx4mJj0zWPsaYKhO2vpr9q+cQpozCcWni/u5pE9GI+lCmNaPoWQxwxtPOcsa8jux6V5F2u7UyY2W58Ma6InIDr60rxPH8ViYws0zOFOgP9a0ix+LsMqnXmelLTk6GtQXJjjDzRqSzake1FntBEDcRry3sKpKreukhvVPZRB5m/Bbn7UrfRUA6XrUva45R8I9AaV8M4QHBJRmH8JHsRypmOzByBlAbbwjW1+vpQ9uBuc6sEk7VOdj7LUD9o5G0uxvpbTWnEPYyVrARsSfLemGF7GSQzL3uHDAFbqTY5b6stt7WouMEZSmyHgUDZFkylQ23nbQmn0MBOvIU3xnGuEojRiWEPYgabHoSBprQU8sixq0aoym1yzFL3GmtvOmukK43IFlwijxgAE+G9t+td4aENdBrtp1PIfzqLE8KxbFLT675MoZUvyGlz6miOEpFKxw65nI0dsrALY6nMed/tWTM4nHHXaOGGBfCxuzW00GgFI5ISwuwUr1YDX05mjOLT55nO4HgX0XSp+0UdnS3933a5LbWtr873pSiEjYCHowPVTl+lYuGYfBMw8nFx9KmrK1hpELLOlsyxuDtY2vWxOb2aGRSeniFNOFxiTPE2xUsp/KwF/rtRB/cQgW/eSC5/hWlnLihoQcnQq45h3aBEQC4JYhjYkn/agcNicQrAP4QfhHI6WKjpRrLfWuCKh7svJf2Y+AyKJZ0yu66CwBzqE+WYXF+dq6jwEZhAWRUVBZnVpCWO7MBcKNfI0DPCsgCd0hYmwN8tvPSncHA4lUKVhvY+K+o6C99aqnasjJOLoh/+JcQWAwcpRFIvJqc2liMhFiL86WcS4ojBsxeZme571Nze5NyunoKeyYdY4w48QIOy7eZ6DzpLHZ4zI7ZVLFfAQ1ja+/K4p3TJrkn0Q4LtIkMhkjhVSdDYAA+WlPV4hh8SJAEySstlIW1j1Bqq4ngUqgzxxERW8JkZdfMDf0vXfAC5xkYlFgUYgctVsD9a5p4n2jqhmXTC8dJHezJmKjLe5JNrXI1sCaW2Ci6ZlJvqNDb1FZxWYriGiK220tYi43Hz1oU4kg2zBhT4XJUmJnUHtaZDInUk+pJqTDYcyELc6bD9KlK5teXKi8HEQdND9q6jiCsHmCAKlxrr11NZRa4yVAEQjKNBqKykHtHm1aprNwlhUI4XJa4U262q1kKBYZ2U3BIrpcS3rWS4Zl3FYNBt86DSGTaCf7SIBCra9BWO9Yq1Mkd9BWSS6M5N9mYZAWAOg508hwUemU3PQbVxwzhpJ+/pVo4dw21jagwp6AsPw4KCxJXTUjTTpTeCKQhe7hSG1v3gPjI9Bpr50zwLYJkPeSZGU+JWNtR06j0o5crKGTZvhNrfO1DTDtFl7H8ZjnVowCrIbeIWJI5/Om/F+HDERlSPGAQDqCLjqNa8sljmwcwxYkZhoHW2lvKvWOF45Z41lQ6kXrz8sZQnZ2QkpR0eVvwnARyvFJDaRd8yHLe3IkWJ86SzCdiuYPKBfugAAott/CLda9j7ScHGJiYqql7bNsbcjVZixTovdSQWI0Aj1H1+GumEuask/iIsHw2WNe8E8qubFrtmBPSx0sPKl/aHtDj8LEuXK4c3MgjsQALAEDTXe9W2dg0fjTLb8Nx4j+W/PlSzjbZocqyCIgG7Ei2u4138qtokrfZ51h+2TXvJErU0w/a/DsndyK2XkPy+hqsY/hZDlUKycyVoSbC25EUUkwOTTouseJw7/BKB/iopMKCL94pHlqa8+kwEijMVIHnpXCzyJszD3ocfobm12eu9ksF3k1lByD43YW06D1qDtXie8xLkbL4R6DShuHcWfDcNU3/eSi9+ev6CqmnFJebX9a5ZNyejsglFW/JYAK5dKWRcZ/MvtRP9qow21pHFjqSGfAxeYkW8I2IvfrRU+CjaR5ZQhGYACwBvbbz1qtYLjAjNupuTzFP+GYeEWcDMb3uxvXVCDSOPJlUnRaMH2gkhjKJEJbNY5zkNjrvY3ttVdkZZg6rhVjvJ3kgTVfhyixHPma5xvFXLhVVcg3ObLrRsEs7ApCUQW0Fs3i3v96VtrTHik/khFhEDK4xMihFuqKx2PkOVLsQ8iSqy5WKi67jQ+tWnH9mTIA+IZ3IN/CAB9NfrUh4NFCvehbg6Lc3JPK96aKtCZJU9HmWKMk02eV2LHQkbgCjDwbIA4OYaWNPcXCC2ZNDrqByO9bgwz5GUHQ66janf4JJryC97JlMRjQC1yRpbnRmDwJPiBW5vYc/apThrC35tz08qKxMMajqANSNDfoDWa+gqW9gX9mH8wFZS1oNdGa3+M/rWUtSH+P0WWbgYNcrgjH8JHodjWVlUaIJ0V3iGAuxzEXJPpSpuG3Nul6ysomOZOGgaAUXguFa1lZWMXDhXDrLa2vOmckNwEXQnf0rVZQRhjBwmOwBRTl2uOdEnC3aw0FZWUQI22CSRwhN1QZittzyv6UHhce2AxAUf3Mh0H5T+lZWVHJFSg7LQbjPR6JHKHUOvSgeIRgo0ipdgNRtesrK8+M3Fpo7HFO0ym8QmU+JlsbaDfKP1PWl0eC75T3oDKeX86ysr1Eee+yE8LhhAdbXBAy235WvSLiXDnmmF4ljubIAQfmaysoLso/0jGfspGkV3u8jmwJN7Abn1pJJw/K9wqmwCkHmK3WVktCttMzipbEsqondogy2JFr+gpHisKUcodxWVlI4JdFY5JPsBbEAG1SJiBY2rKym4IT3ZG8Lhy5vVrwitHGADvWVlMyaJMIEZwJFzINwfvRmBECyKMPcMbjW5UDrYmt1lBq2Ui6i6Gc3C1Frljl/iYDfpe1QYwSMCRawrKytLStCw+TpiaWSOJMz3udgOdGYbDEqH2U+fsKysrIz6QxigRkJy+IfDSLipYWQ8hc+darKIAD+wpDqba6++tZWVlQ9yR1ezE//Z', 1, '2025-11-04 19:40:20'),
(2, 'Precios actualizados', 'Se han actualizado los precios de todos los productos según el mercado actual', 'data:image/jpeg;base64,/9j/4AAQSkZJRgABAQAAAQABAAD/2wCEAAkGBxMTEhUSExMWFhUXGBsYGBgYGBgaGhoYGhcaFxkaHhofHiggHR8lGxkXITEiJSorLi4uHR8zODMtNygtLisBCgoKDg0OGxAQGy0lHyUtLS0tLS0tLS0tLS0tLS0tLS0tLS0tLS0tLS0tLS0tLS0tLS0tLS0tLS0tLS0tLS0tLf/AABEIAKgBKwMBIgACEQEDEQH/xAAcAAACAwEBAQEAAAAAAAAAAAAEBQIDBgAHAQj/xABBEAACAQIEAwYDBgUCBQQDAAABAhEAAwQSITEFQVEGEyJhcYEykaEjQlKxwdEUYuHw8QdyFTOCorIkc5LCFhdD/8QAGQEAAwEBAQAAAAAAAAAAAAAAAQIDAAQF/8QAJxEAAgICAgICAQQDAAAAAAAAAAECEQMhEjETQTJRIgRhgcEjcbH/2gAMAwEAAhEDEQA/AJcR4w9p2RryAlV8KSAoMMACQo8pFNbL3btm5eIz+EtbYFTmCnxKSCfYHUEHrVz4EMuqZhoAchYe2UHSq3ItZgDBI7tbakAASCSYEidwNx4jRENb2UxjXcMpcEMvhPUaDT2mPaqO2WOKWgiN4nYAgHULBJj1iKL7OYQ27IB0ZvER5n+kVgrhuP3jOxzd4Z6gDUn9KDG9BeKwWW2t0Bc/MdI2G8T6Ckv/ABEtZNljMttuZ/prTbtPxFbeGTKkEaATpETPvO+9Cdi+FLfy4vMQ9tzKgDLERlg+u+ppDGn7LWlt2ltgRJk+ZonjHB84aLtxWGqkR4dIkab18tqBlHyoi3fLiTOmlKwmMw/A3e6ge5dYWzmuNcBOYDWASTEmNJ9BXo/Ab+ayOUEj6/1rH8Y4ytsFTCp+NjlTqRPvTzsdxK3dVwjq0QdCDoZAP0oJ7GK+LXmTFL4vDmDBSTLEANKmDAGmkgHUc6ZYdcovJoMrZhAHI5hqDJMAchAI60u7VnKQxIAZcvizROu2XxAkbkHYc6ZYNyXBIPjUTqeaDlEQCCJmZNdT+KEXYfhtGcaatm9iAdfeoYVgMo8ivnCMV3/pULJKvBOpRdp3EgmrL0KyHaWIP/UJ/MVIcLJqm7dgc/YE/kKg2I6VRcvpO2ZiJymfTbkPasA+4a+QYYmCNyQAPoDVr4pJAzDXaNfqNqqsYlSPCmuxCgaGNddB5VRj8TMIVKhtTJE5RBPONyFkxvWCWYkggEGQdqWcMdhfxCmcrC2UPKIKsB6HX3qziOKbu1NtJ8WXLp8OokagRpNSwN4MXifDCmRzIDb89CNutZGfQv7Y8Q7nDwPiuOlpf+ptf+0GlWA7OqqG7dXLcktvKrqSD6gGnd37TEgRK2Vkj+dtRy5AA7/0+8TtM6Mqk5t4I3g7ChN0rRJdl3Zfjq3w1otN1Pi31HJhRfFsIchKctx1HOsPbQ4cNiQsXVOVR15kEbxFb3gvFLeKsrdtnQ7jmrcwfMUmDLaV9lnp2jOI01XiX5COhPSa0OO4OGlkOU/SkmFsAXFzSfFB00kf1rtU00VeRNaJXosKLzCSYCDp/NUOGcXBuMkjNM/7lIGtPOI4VLgKMPCfoazi8Ee2ysdcugI6HkfKli4yWxENOK2HdiygMoA05meYNIcNfyPm1DAxB/I1q++CgKDLHel9rhE3HZk8LRuefUVoSpbMgzAYwMJXTqDyoLHArdzptEHzo7BcK7ti3LpSviqPdcWrZhmB8oUb1lV6BoWcW4lmXuxGY/ERoAKp4VbBPh2FVPwm4jZbgK9Oh96cYPCZF0qyqhMkqWglsSx0Jq2y00GblTsOQZrcTmsMNVFqMsWO8YAaCiv+CD8VSckuxkmzPnsu2uW6IM7rJ116maN4R2YtWnNxvG5iTEDTQac486bop5kewj9auFRK0IO1fFTbtlEkM2zcoG8HkeVYl7H2ZGviIJ1Mkxrz8hpTH/VC4Fe2IAn4iND11PoOdWcM7JPfsBrzPbJEoOY1kMw+WlLJhqxDxW+LtlwfiUT6gHQ+o09poDstbdu8K3GVQUJVTCtDag+1Q4vw/EWrpw7jcRn/AByNMp5DTXpFbPslwIDCEADvN52mVErPSD86HoAa14Zx56e8VLEPdXUAMOSzBY+8D50Bdskr/MD6EEUVwzGGCG32nSPapsJVjsWRb+3tBE3gqWA9YBFKP9PWtW+IutpQvfWXzKGBEpcBSBylS5rQ8T73uzkZS3mYHz1rB8DxNy3xTDl1jxFGMLAzKVEEcpYaT0oJ7GPVO0Y0tsTADEbldxO+Yc1HXyBNVcG7wpZgGFJVhmcAAMYMNBPhI+IagCI3o3i7fZMdo1nymDyPInlSfAsVD5mQFHBzPDABhl2yrBlBAAB+evVHcRXF9mqBqm7enQVW16dudYbtR2lDucHZuZBtfvgMwtrMECAdeUnQa66GESBJjn/8sw/fmyDIBg3ARkD81Pl5/prTu4gOsCR16dKwN3sp3d1O5JZGI7syDGUZhnJMldNx1+bbg+LxGFfuMQs2TPd3FDEW9fgJ/DGxMRBG0RqETo11rETvvUrygyY1IA9gSR9TQt1M2oOvI0G2KjQ6Gkeiqdl+JeprlRZOgjMx9pn5AD2pfYuZ2A89fQan6V3HrhNvux8V1ggidiZY6axE9N9xvToSTK+FAm33jBpusX0LaA/CI05DpHruWndkAtmXL5kggkwAempG9fcHYAKmcsaARIIA+g86vxeE71CrCFkGUIkwwJGvWNTNTlLejKOhde4crgZgCDtOo16H+tAYMfwbnImW2T4wP/L1ppfS4LhdCCESQpBmQGAUDeNRyOwoV7pbKLikFhrPRicp23hSdhpSJrsN+jR23DAEag7Vk8XdZL7QPCGk/vU+CcXW2wttcUo58DTGv4Yorj2Ahu/WSDo4/I/vXTikmNFhli8Lg0MxVpWRFZ3A40rcOs+XX0Ht9a0K3gdRQlGmOZfiTMhdU1uKZAbmvl150z4HxI3BrIPNTyNX8W4YL6jk66q3TyoPDILAgks557x51S1KP7hvQ1xmPCg84005nkKs4SmabpGp0Hpz+tZ975ci2ph2Ya7zO/yp3xvFjDYYldwAiDqx0X60rjRKUlWiy3xSxdZrWZSymCDX29w0fcMeXKsfh+zN60wJObNHiH4m3n3rRYDAYmztdFxPwtv7Gsm0SAuI4Rk1I/aqbBzDWtJbxyN4HGU9G/eoXOEISCunkNjVFl1sHEK4VhwqA8yKNqm28CDVmYVBu2V0IsHxO2zd2DB5BiMx9pnbrRt/FInxMB5c/lvSHF8adtLfhXr94+nQfWjuE8HmLlwS24B1jzPU1mwhN3BWr2R3tTlIZcw5jYx9daYRzNLn4qjvcs2GVr6KxyNmUSpAMtliJIGk1jOI28TfxC4fE3MmbZSJtyfg8IbUMQRmJYg6RrplFy7HSNjxrhKX1AYaqZU9Dt/YpbgHNlsjiJMDpm5H0I09hRPZO/iIexfRptQBcOs/yz9+BBDDcROu7PiPDluKQelI48XQGjNcewja3U2YeMdCPve0aj+tYm7xDK7AyrDnMjyI/ED08+RrfJfdSbbjxjf+ccnXzgaj1jasF2k4AczXsMqkMZZSM2UnUlY29PflojAVDtS4lGAgHWPEx+uk9f8AFY3tBx5xftXtlS6rqg3lHDSflAok4O490LDDmzZZUKI1nbbnNZnFsL4bLAYNIUzJtnaDGsTt51kl2Y/VV4B0OujLofUaGkfA8EVBZxGaIUjpqGPn0HKvnZfE3GwWG71SriygYHeQsSfWJoHtTxxrVq4LX/MCkzuBp+f5VWMtUG2lQF207UEB8Nhn+0A+0ZQWKA8tAY82O2oGu1+Bwj8Oa2toNfwt0gEDKXW4w0cbZ1Y7jWJ5AVRgMJc4f3bWib+GulRcEKbgdgB3qkRnBO66xOkAU/wGDt2EzsoRiSeuXOxbIvoCBC7xRJtHzAYBMNbGhnWFzFoLnMUtzsJ5bacgNLDi8ziwygsfjA1CgqzLr+LwjbbTqKFxeNYZoUPfClsqw3dIefKS2XQczMaA0ZmtI7BVhgSxIH3nIBltsx03O3lRFoGt3DhTlYk2CQFY7252Un8M6Ceo31oviVgXEkGGjwn+9xU+8W4pESCIIIIkGQd/QikOLxBwuhlrB2O5tnnP8vPTbXYDXVYOg3s2HOdnXKV8MHruT8o+dXone4sD7tleh+N/PbRfX25l2iEtgk6BcxPtmP0/Kq+ydo92bzCGusXOkHU6DedB/gUvSD2zQIoiI0qLW/w+E9R/etfQ1RzVIsQuyPi8Q8hBoZk1nTNBADDWOgO/50VdugCTsKQ2eKC6j3XYJaBhJO8cz+goMH+wDjvBwfEBlG8RuQQw12GoUa8hRXZHjjXEGHxGl2DvEMo05SOfy1qmxxqzdQMt2Mw2YHL03I/WkPGkAYOhgn7y61oumLrtD7i9u0H+x5GTG0+VU2+ItbMgSOYNLcBjg43E86PuIIB8q9CKjJCrI12NTxFmAnwg8huaBxVw+gPWhRXzF3fARzOi+ZOgrKCiCWRvSGvZbDZna7yXwr6nc/LSgu0l7v8AFra7trlrDgXLoQ652+HTnAkx50/w6rhMLr//ADQs3mYk/Ws92YBKviVvL37iXtEaD7wB+9PnUZSt2aqVDng/dXGzWXbIBJQzAaeYOoPlRmJuOQcvM5QPzNWImRCZlm1J2knb5VVbunMWBHdoMp8zuSPfT50pqC+5DKA4B01mh/4V0/5bSPwtt7Go3HYKCZJOwFGgwB1rGKLWPHwuCjee3zorKKqdA2jAEUMeGjkzAdJraZtgvCOE5YuOPFyU8vXz/KnanSqsRiiHFsAEnXUwI8up8qhh7RDMciKCZlTq3qIpOy7i0lZmsfhb2HxDYmzb7xXnMAGJ8UFgQJPxAMGAIGoPmDda5evLiryG3btZTEESVbMqrIBZi5GsARW6Ka6b1nO29tu6Qj4Q+sdSjBT8yRrzIqsJW0mv5Ju1tAtpsdi2LW3Fm3qBBgafzZSzEGZIhfcUf2ax18vdw+IIZ7ckOI1AMEGAAd1IMAkHUSNfl/tLYt2wtgEmAFXKyqo2EyAdOgkn61Hgtk2QXukd/e+FWJB3nxQDlzMwnTmg3MUzWnar6Ny9DPi3C1vLB0I+FhuDXnHHS9lvtAyuNO8QTIMwWTZwdZ21APKB6JwXihuE27oy3ASI0gkSSAATEDTUySrdKt45wdMQmVtG+63MH9vKueUKGTs/PvafidwI1pSWe4JGRXBK7TB3PLTSmP8Apv2G8S4zFJAGtq02/k7j8h71ocL2VuW8SzX5CoYRM0h+jH+Xy5xy2LjiXE8nhU+P8p+evr6nzVBoL4rxbLKIfHzP4Z/Ws7PXU18KEid55n6z161Wuhjn+9MgM0HZSwiK5C6qdIk5QRJCjlPQUXjcU4K6RdeFtiCy2gxgu+oBbfQTPoCaB4K7rauG2JZnCrPwjwiWbYwAZiddBzprhzdFpQPjYkktHhzMW1HMgECB0pgURsTaRbUzdbxXHCkyToWJA8TabaSAdAKuCCBatmOZYyToRJk7tPy+lCYoG3C2w7tILGdZ08RY6TAPh0BnlRmGtsPDJYsec9I01OsAURWidhci6nM33m1Mn+zQV0944tsAQfjGhGXcg9ZE1o8LwsD49eignT1IOpolOH2hqLYnrv8AnQ2biZLtBiCbYtj4rrBOWxPiOpAiNPfnsdDgUCoqjYAAAR+lMFsJuEWRt4RV4oSVhiqAdTyPyqXdN+E0bm61XiMZbt/GwE7dT6Aa0qx2OKONcPv3LRS0BmbTVgABzrO4vsXirtpk7y0nhyr4nOUczoo1O55nadBW5w2Ptv8AA4J6ag/I618u422nha4oPQnX36U3jFlDlpmAt/6bZLS2P4iB4M2W2BmzNBg5pGg5zTLD9jVChWvXGChiBCqN8qjY6Hp5Vp72LtiHa4gGaRqNQFy/mZqOGu22AyuGgINP5DP1NNwS3QqxJbSFOD7HYVWLw5IYgEtygA7Rzmj8Vwi0ttiqahSQZJ1j1o+3cAETzJ+ZJ/Wo3bkqRB1B/KinXQ3EwjnppVnA8P3uJBPw2vEfNjov6mk2Nx4FvMDy0rX9lMKbeHDPo9zxt5A7D2EVSU9E1HZDtbdzW+5B+Ia/pVeCNvFOmayFuIAS8jUDkCNSD0NA46/ndnnc6enKuwF/JcVvPX0OhqQ5o+IYmMzfgEDmM7bV8RSttEJDHdjtPPbzNT737XIAIAk/7jqPp+dT7swzEeImB5DYfvRAWWroLHXYe1XCqsLZyLBM9SaFu8bsqYzSfISPnQZg/nUpobC4+3c+Ftemxq4JQMRsYdiMt0TlIytPxRz6jl9aMJr6TXwCgU9Ufag6AiCAQdCDqCDyqUxXzNWMAPh8Nh/tO7RTsCqSxJ2VQBJJ6CocS4fbxFsOoDbMCAsuAGhcxGgk+m4IgkVPifCVvxLFSAygjWA0SRPwuCAQ41B+VBcJxb5n+7btTmTIYUeOAHPia7IVmnQhxEzJZSd2LSLOC4gB5uKQ5zIGJX7hHhMMTI0GbnCgkwpL+KUvg7N/JdUgqYMqFhwCCAxIkgRHzHOmeajJp7AgDjHDO+QgEK8HI0TB8xzHlXjnFUv4e61u6AGHM/eHVeRB69fevc5pfxvgyYm2VYDNHhYiYPmOY8qRoazx1sXIhnI8lAHP8RJ9KtsgnVRA5HWOY3O/WreIKMNdNu7ZCMvQKR5FZEkET/ewjcQ6TP4mIJHPQABV33iaQJtuAplsrPMlvnt9AKPLVkOGdtcJccWkaAPCCdBpoPb+mlaZnpkYi98W0LOQI1Y+Z/uB7Cn3Z7FWnsJdQ/HOp30YqfTUbV5p2w4h9rasFgM5EAkjOzEqokaiPb4q3HYt5wiCNAXAkySCxYMTtJDAwNBMcqdCju7xBQSJ2Enwk/Qem/mKz+N7Q3WYi34APIMT56/SBRvFhl8WwIjeNek+g25+wrO37niJXUfsR+dXxwRfGk90PcB2iYK3eoSQJUgRm8jy21kefvD/AI1iCwiIJgDLpOmk78+tJ7V2Brz10gdRPrFXWsTGaNjMa7GN/kx/sU/BfRTgvoKxl25eYu2oAnKOS+Q5+tV2rRMiROWQNdsobeIGn1qn+I0AAIMZZno2YEQBtUhjDqdJKwdx92JgGPpTJNdDbCSgU5sx8LEaCDnEbSdvPyOlSu4UHxBpJMgH70gNv+LU6f2RWxPxHeWJIygiff1qSOWmTIOuvUbfTSirBsnfsBWACF/iWJP42XlzgDem/A1gsoMgEgHqAYFIr7kSASTzMmNd/wCzTPs4528/0mlmvxEyXxDbeIvG5BXw5iCMhgIJhu8zwSdDAXnHnTUUmW7bW84N5lYuCVJhT4VhRmBB6+GDrTUNrXMcp43wTCPexzYU62luuzeSo5ke5ge9ep8WvZUyj72ntz/ak/ZzhHc4jGXTvdvMV8k0Me7Fj8qq4vxCbhgSBoPapxuhmVXbUCdh1qmedSGJzASJ6Lynz61batHdxrvHQdT09KYU1WCIKK0akCflVzCY9ZpXhOI20tIXYCdBPrTG3fUgEMCDtFYwn7S4pvDZUwW1Pp0pIQtvNGUaySZI2330FHdq1Zbtq6Iy7NM7DXSk/E8I91WtoQuxJOilPI9YrACLlzMVa0QrgB9DIZTPy2rXYPiSsik7ka+tYbgwCq1xhICwDrPpHOtFw/CsbanqP1oGRrJivoqNyoq3KlKE2rqiTX0miA4GhOJYEXlys7qpBVgpEMpiVIII5DUQRyImiWriaIBLwvGYhmd3TJbVf+UAZDQphZRcxHiBYEqZUAaE05w99WQOjBlYSCNiDzqi/hUuEM6hsuwbUCY1ynSdNDEjXqaC/jGt57tyVtSqW7WUFpnKD4RIzGIUzG5gnKMYcTVyGk4u5gGmZAIjbUSKJRo9tKHINAXargFvGW8ui3V+B+h6HqD9K8D7Sm5Za7hriBHUEEGZ1H3REEGdCDBr9HB6zXbnsja4haE+C8n/AC7n/wBG6qfpuKLV7Afn3huHzp4dwfcRBkddOtb7sdxNs4tXH1I00mSBsWOsQDAEfWsYuAuYS69q8rLdUwwaIPQj8QOhDAimGGd+8W5bMOjQFcaFtwPkNATrtM61O9hRqe16Mt2zeUSBC891YsNjz05HRTpzGt/030wzgMpXvmKAZfChVMqmANQPXlBIistwPjC4226XbeVho68jqRIO41HtprWp7CcPFgXkDllLKVncCCI/uPSqxA0OO0Kk2T5EH9P1rNJ13npWzvoGUqdiCD6GsVjEe0WWQYMSNeUzA8iPr0rpxvVFsUklTJlY3/p0MmonGKDoQSAPP9Khh+H3bhmGykDoFOmu52MxzGnOqsRhLZYi7eEqZyIMwWdpJEA676chVOSHeQndxBAzQMsyGmRrHIbc9yK+WLjuuZcrCdcpIYAQdm0IA5zrTXhthMoIVpn72+3SIFX4/EpbEs2Wk5ieRiS1jVKM8wBJIMSCDBHrNK14y+b4sq9NPn61osRw5LwGZDB29+moP1pHxPgtpBlDurRoGgg+mnvvNUUkwubYz4biu+c2x8c6jkZg5vTf5Vr8DZFuFH+T1rL9h+Gd2jX7g8ZXKDvCKdx6kfSj8BxIm7DGPFAHWKnkd6QspWhziDdzkW0WIzZjEMQIyfECCYHiggCjjSnjvdd2e8uMBE5Vg5gpnRSNT6RTRTtpHl0qBAVcSxQtd4x8tgeYifzpbh8RbuAFWRhykA/UUVx0HvQYJhZAAnXxAk/T60kOEG+XxcyBkP0396SgjZtPhFv5EUtxN9mnNt5aA1DvmiPEf+mfqKW8SxrgEBGJ8lmsYzXaC7mxCy0oBA10mf8AFN+FPes+IM2XkJn1rN8SuS6ofYkRDdIp1wvENkCAlj5ig3QD0nAYu3jLEEAciOYI6UtxPCMUgK2WDLpv09DWVu4cZTIa228qSIPX0radmeMK1sW3uTcXTXcj9a1hIYPg1xoN4gAbgRr7bVorcAADYVCuJ9PnQDQwY1Wxr7VbmlGJivgeo5oqJNEBa7QCTyE/SaS9mONjF2jcAg5jp0Voe3PnkZQfMGjceBctXrW5NtlIBg+JSBr90+deS4bjhtC6qOyl0ZWbbxatoN1OYkg8jcccgaJy5/1CxNX7PYf4hSCVIJBymCDDbxp+VBYrDq5DNmJEaBmAJU5hIDANDCdazvY3iFi3gEU3kUpmZ5YAjM5Mn5gT51osJiUuIHRlZW1DAyDBj85rN0VxTWSKf2J7PE3ssz4l8oYtktl0LMC/hIUaKFUhTDGTrodC+tXAQGG0SNOokH8qBxeDVmFwglliNSA2Uh1DciA2o001944CxcVy73AcwBKKGgMOcsxJI2kBQd4pS9jRblTmKHA51Zm0plom3Yk7XdnUxlvfJeX4Lg3/ANp6qfp+flJ4eSblu7Nu+kplI5hWZWzTBUnKQw6Hzr2xmrOdrezq4pAywt9Nbb+k+FuqmT6TI81kr2go8w4NxM4a/luLo4UFvwlufmsgz0r1Ps4YdwdyoJ10kaafOvGOO37ylrd5ctxFdTm5BUOX1JMmdjp1r1bsjis5tvPx2xp0MBiPmPpRiManHYkW0ZzyG3U8h71j8JdF9jBObMWczGmh0HPePpypz2vDdyuUkfaLMAmQQw5Un4cwS4B4fGQIkzpoDtqJ/PnXVD42GPRqRcmBG3+B+teW8Vtvb7//ANxB0lc5Mzp94LrMV6WBt6f0/WlvEsErOpMLJ1MAzz5+gPtWxyphRHBXiis2UscwCqIEkjlyFZji197oDgnUtPUMGykdNDPPlpWxtXbS6KS5HltOnSKxnGoF+4VQgAiZ/HuT5ToKfG9hRpOymK/9NZPUlR5gMQD8onzq7tXgMyoQSIZQSNwGYKT8iaW9nnHdEL4e7ukxEeFvEP8AtIPzpn2qxH2DEGDE6eUH8xQfz0CtjQ3Ut28oHhA+QAiAPSkqqGe3ctGVJmddGG4PQ67GrsTiGuO6IAtxAGHR1IG48joR6Uus4le8VlzI50uWxMTy8orJAo13EzcyfZqrbZgYkCRJXN4SQJ0aBt6UTg3Y21LQWI1iD+Wny0oHiIRrShyyhvCCpA1KnedIOogyCSKlwe6ptaSAGaZK7k5jqvh3Ow21FQJFXGiQ6QNSGE7HQg7/ADoNlkaufY1Zx3iKJkYsp8RG8kEjTQelV4YgkTqxE5eg6t09KVhJJZDbKWj5fM0Tb4Tm3gemv7VC9x2xbOQsGcCco5Dz5D3oVeLvc1D5R0Xp/upeRjPdsuybZTdRlldQOZjp51jl47ctjKygMNxGX+tejOwJPjJnz1qpeDI15brQ4AIysB85oWYQdnO06uGD2x09umtGY1rIIdCQVjb10P1oftbwpswuWlQIBDAaOdZ220qjhOHt/E14RsVbrQMeicEx4vWluHcaMOhGhrmxFliSX19fasLgeKvh3Y2vGmbxIT+R5itVhe0WEdA5CqTuCBIO0U6A9mrZq+edfM06iIqLPSjnxjNQuGQRMaRI5efrS7F8SOYJbiSQsnaSY28qLdWAmc3XSD7ftSqSb0NKDik37MZ2sxrYRLh7wBrik5lUKzkrlgbx4ghO2pY6aA4DEdn75s9+wNtGghoN1ghEyESSNObZQOZr1ri3DVvwc2VhziZHQjnzj1rzPtJ2Uv22uXrji3aBAV1aX0AVAoEHMQBvA31prpnnZcO+TVpf8/cB4HaCrnDl1unuwLgCsHfOpk5iuQAM3WQu2s7ngHazDWTawKrdcghe8CgKWdidATMZjG1YexcLYVLbW7eWwwbMoIYyXAJ3Ey7S0TJHStR/pwMHcvM2VxiQsjOwZcogSsKBInmJppNS6OfFkXm/x0tf36PQyf3q5RrrUV0/v2oPGcUCkhIY8z90Hn6+g+dFJs9Rd6GJal97i1kP3ZuoH/CWAP51QOM+CWtmdQCsFSeW5EfX1pLhuAW7Si9cZblxokMwRGuNOYhomTJjbam4/Y5pnujcwB5mrLXzpfg8N3dnKxLCSVDSpCFpVT6LA9qNQEZT4tZ2ExqfXnHXSfKudadDtaEfbnsemOsMBC3gPA/mNQrfyz8vnPnH+n/G7ljFrgcUpS4tzKobqRBHvOYHnPpXuCmVB8v81jO3fZyzfaziQQl+w6utz8Sq4bI3UTt0J6Eg1SsSxxx3Dd7ZZQJI8QGpkjl6xNZPhjsbuY6sGBhYK7+KdBzzc6LbiV7NBuNE8oXn5RS17kT1M66bnrzidSa6lBpAxzTdG3a4DSLtHiAHsIV8LtMzGoGi+5I0o3hV8XUDAg6a+u1A9quGXLttMh8SPmHUaGD5wSDprpUo6lsouxd2Yx4uhlaYDG2Qek+Eqd9vPlT08EXKwXxBtSHJJnkc24I060q4PwxrbG44VS0ZtRBImDB2MEindviCjY6AxmbwiemscqeT3oLFXCOEPaNwmQCAIJUgAaxOpiSfmajx1TcUW5AHOPzk7Dzo/iONJt50Oc/dCnRiZ2+RrGY+/dfXMQJ1VdBp9TqaeNt2wGgxVzPlv5ntXE2YAEMIg6bkHzpOceQ8C7mk6womZ1JiYpaEJkMrMR+JidPc02wWCLAEnKN4jX+5qqiBtLs3Ssxw4yCToIGWYzDNGbwzE71LArd7oi7vAicn4RmHh0jNMeVC4DidtVCzHkavvcVWOoPQVzcJX0R5IxXaq8Lds3IHhuIdeuaAfmapu9oClhUDHNdGYtzJ5mfI/pU+26d5hMSI+4xA9PF+leecIv4hba271s93qULQHUeUmcvkRS51+SBDo2OCyNlBI29ySZ961+B4ezDmAayXZRUa5EjTKw89TNekriU8NsbtrHQVBjID/hEtAyASNfnVotgQYOvSrb1kXLyZfhWZjYn+lEpBzLzUx+1KEEucNLjUSKyfH+xjMc9lo01TrWv4nxRLSatqYUf7jsKhw6/3oIHxL8QPXnWMedYbht22CCNR1q98BrqNa9BxOEB0ZRS48JopmHmHxJTRzmBPhIBOkT+/nvyE0WW50Gts7Hr6EHafWvifZqASW8zqTJmix2A3uE5gMt2CCMwPlvqPai7/AApLjFmLwNFEiFAHIEdZNVoNZ57z0miDdJET+9R8ca6K+bImnfRXbthUGpMCPpSXtBgv43DFLbLnBDLmkAMJBBiSNCaeg0Di+Gq7ZtCw1BImD5EEGNt5qvZztJ3GfTFHZrsqli3cW7luNcENp4YGuUTqfX0ozg3AsFbc3bFtc4kZszMRMSBJMaV8PCBEFmI6M1xhy5Fh57zypiECIFRBIHhUQASBt0FP17JxxwVKK66AuI4rOXUmLajxEGJPMT0Gx85naljXzchE0QRr1HlXYmwTFoSY0edJJ1I9NZq9UFtBPLbr6V0RpI6EqCcQYtBBudB5eftvRvDcLr3dyXHxqG1Eg856EyP6CgLVpiZ3c6ADl5Dy0kmjOF4hvvjxo8MAeWx9dJj50sugUN7k7xmJ0519tghhJgawJjTYAADf16ac6h/EI3hJI6DUGhLuNUEtmAiAM42AGokGTy3j9a5KdjE7jAAjURroROgMcuukjyikXHcQXyAc9Tr5QAfr9KJv4tWmJe2NXhtideWkADeRq3UGl2LgCenTz/rXVijuyOR+gK6ksfM/4qnEan6j31onUtI6D28P7ioYm3oCOWn6/v8ASuuJFkMIEWAAQfpOw/mHLY0TexA5lxOnxE6czv576HTXpSxjVuLckrtrOhjmAdqDxqx1mkSbEADQmdwSQdY8xpz+e9XYnHamArAAZAQdDAljIgazrry3oLMYP9619dtB8uW4/wA0VjRvLIcYVsxDEzofbr9aGxmDUkgac9PM1bwtvDry0/WiCsmfP+tYXk+wVMCJkydNzUJ3E8xv/tphc3I6afKljiHO/wAvUU0RZNslPi9/2pko0j+96WOYY/3ypiX0X0FCRkQxGHBnoRz9K8g473i3mLAjWB1AG1exi4DWO4jw+zxBs1q6EYaMrDWR7+VcmdPTK436M/2W4nluIeY09Qdx+tbJOIXbbMwGY7gwdAREn0rzrGcLuYdyG+IHQjy5074R2jIgXNCNATsR0PSojM2i9rQQLNmRcY5dR8E85G8mtjw3BtaHXQT1Mc6w9gYe7NwplIElhvpryq9eNuIGHvMxnKARmX3O9LRhn2kwbKwdVDWs2eTurzpPlVvYGxd+1v3TrcYwPKd6p7NdpbmLDW7igEaSB4D+1PMpTQUGFDd7Gal9yyQSKlZxJAoG9xJQxlhNAw3nnQt/cUm4ZxG4LjBwO75HUQeQGmumpps9ydthWYyZ9UVFjXFq5RzoIb0fVOtXZRVa71aTE09UT7KYE+lJcVjC937OCqgjMfxE8o5aR+Uc/nFsfJNtTA2Zh6xlB/M+3Wg7WJCDIolug2A8+n51SEPbKJaJi89sszEuDJPUHqP2HtRVoZocjxHYbxtAA5n0/SgLPD3Z5nMx09PIDl/c1reDcNFldTJ/8RGqjnVW0jPRHBYHL4j8R+g6eu0n/JtxGCtscxEHRSVJEx1jeirg0mhrkxptNSt2J2JOP31tEKgJc82YnKNusTH0pC+MZmh3gEGWjfnljzIHOp4++Llx3PMn5AwAR6AULcQHoff966o40uyLm2EOQBoq8iCBMeY18tfeqcS+u9Qw9zKQDrz02GtXYmxzGx1j6+9OkkK9l2HPhWfP8z+lcIJKz69Y/sUItxgoUAyWYARrsp09zRacOuQpJ8bfd6Aba7TSykojKLYHcskGANSYHIc+fU6x6UJck7ct/QwJ9Nv/AJVoWwGbNMICo0mSSskwZyjnqSTpypfe4RcAK5iZhRB0ZAJT30O+mnnSL9QrG8ToDt6iD7df8VBDsu5J89+XvVtjhOIZsott0kiB8zpWh4RwIWvG5zXPL4V6x5+dVeSKViKLuhXg7bW5VgQQYg+m46ijsLZd5ZVmIrR2rIb4gD0kA0RZQDSKi8w3AzeOwNxUDkeoHIciaUuC2um36z+9b1202oC5wm00nLr5EgfLajDNXYHAzFnBtduQOQknlsN/M09wnCI1aG8uVHJhwuigAUQlJLK30OoJITXOA6+FoHQia8rxC3LN67CwA7D1IY69a9wBrG8TsIz3UcAyxH67+hpfPxf5bRvHa0Za+jYi2O9AcAaHZl9G5jyNSwPYq1diL4HUEa/tTmx2WZCDbclfwH9+YrsJwmLqjVYMsPSqccclaYlyTJf/AK9UD7PEOp9BHypRd7L4rDSwTOD9+3M+616DZvkSdx+VVcL7QWb2gaD0Nc6Taso6MR2cxz4VWBUmTJkER7GtZgeOK5kSfamuMx1tWW2wUlp3iIH+RVwuIqF8oUDyH6UAijHY9pCKhDNsDoPU0h/4fiXliupJ89jFOMGrXX7wg5rmimRAT0rV2lVVCjYaVgUZK/cKyTGgkCdABzPT1qu3xB0dVylkY/ED8MjSQR1gaTvyrq6kFbHNtp1FELtXV1FFGWW+tJeM8RIJtIYP3m/DPIfzH6ae3V1PiXKWx4oU3jlCqm+3+3r7/lRvDcAz/ACFO7nfzIncnrtXV1Vm9Gbo1PD8AltcqjzJ5n1NXsa+V1SYgNfuczoB9BSa9xllBZFBA1gzJjykcprq6q40nsRtmaaJJI3MkioMnLn1rq6uqiJNxy0k/TpFFYawwCgy5EgQdNevpqK6uqWR0XxRXY84FhcgfWSYO0bSP2ojFWyPFJiII5anf8v8V1dXLMr7K8hCx94xuJgGBB6TE9KmtkZ/EJ5gxovVRptXV1czeynopuW2tscrEyc2uzdZ6HXceXpRmHxC3FDqNDO/IgkEexBrq6umPwslJewtTG1fS2lfK6mRMgzVO0dDXV1Bjej6wqm7iFWAxiTA8ydhX2uooUsVvWslxcf+ouKR8UMPWBXV1c36j4/yWxdjXh1zMoNHuBzEz9K6uqsdxTIy0wTG2Tl7tNyOfSvO+LBrd9hlyiI8QIUt5MNiBFdXVfFNp0JJXsr4RfvXsQqXHbTQCCfCN9doP6VueO3wVTDA5Q3xGYhRvrXV1LldyDHoP7N4TIrOWLDZCYkKPShsViHZyRMTXV1c820VSs//2Q==', 4, '2025-11-04 19:40:20'),
(3, 'Capacitación para productores', 'Próxima capacitación sobre técnicas de cultivo sostenible el 15 de diciembre', 'data:image/jpeg;base64,/9j/4AAQSkZJRgABAQAAAQABAAD/2wCEAAkGBxMTEhUTExMWFRUWGBgYGBgYGBgXHRkZHx0XHRcaHxgaHSggGh8lHRcYITEhJSorLi4uFx8zODMtNygtLisBCgoKDg0OGxAQGy8lICYtLS0tLystLy0tLS0tLS0tLy0vLS0tLS0tLS0tLS0tLS8tLy0tLi0tLS0tLS0tKy0tLf/AABEIALcBEwMBIgACEQEDEQH/xAAbAAACAgMBAAAAAAAAAAAAAAADBQQGAAECB//EAEUQAAEDAgMECAMGBAUCBgMAAAECAxEAIQQSMQVBUWEGEyJxgZGhsTLB8BQjQlKS0TNyguEVYqKy8QfSFkNTY4PCJDRz/8QAGQEAAwEBAQAAAAAAAAAAAAAAAAECAwQF/8QAMxEAAgIBAwICCAUEAwAAAAAAAAECEQMSITEEUUFhExQicYGRocEyQtHh8AUjsfEVQ1L/2gAMAwEAAhEDEQA/APZDpzNhXPUXFYo37qkEjdUUWcobMG/nUTG4JtfxtoX/AEgmmCdKG/HlTaJsr2L6LYRyxaibWJ/4pa70IQiA08pEaBQBjuIINW1KbXO+ZqNjBJNQ4po0jOUXsyqPbB2mkKDWMKkn8JO7gCRI8FULZz+0sIIVhEPR+K+aOGYFVqvTLIgAHXd9d9SMgmOVNQE53yU9rp8lNn8M82d8Qse4PpTXCdMsE5YPpSeCwUH/AFAU1xGGBHaAMcQD70qf6O4Z0GWkX4DL7U/aROwfaO3QjL1LasQVzHVqTEjiZt3xu7qh/YMbiP4zow6D/wCWzdXcXN3hUJ3/AKf4aczZcaVxSqP7+tCc6O45sQzjnCOC7+pBI86LfiA/wOxMLhrpQMx/ErtLJ7zee6mPWKOiYHFX/aPmRVOw+L2mx8TDT3FQlKj3mTPlUpPTUp/j4R5vmmFj5H0ppios6cMNVEqPPT9OnzojjoTqY+fcN9VrBdMsM7q+lj/KsFKv1KGUevhTljFsapcQoxM5gox/NJtQmARxxxVkJAH5l/JAufEitN4H8ylK5fCn9KYEd81o7Sa0C0qJ0CSD87eNFClK4JH6j+w9aKAJZI0ASO4R8qAcaJASkmTEnsjQnU66HSa6UlCbqMncVXPgP2oLz6iUZUH4tVdkfCrdc+lOwJHVKPxK8E29dfatFSG7WTO7efDUmgqaOqnMo4J7I8SZPiIobboT/DSDP4ics96jJV3xSAk9YtXwpyjir/tF/MioG2WwGllbipi3ayjUaJFj4zRH8YhIl15KRwSQPW58opLj9uslCgygrMpGYkIGo/Es5j4A0APDiVjRBcHGAju+KAfCtfaCfiWlvlv81QPSli8a4r48UwyODZC1frUY/wBNRT9hzZluB5Q/E65mHgDbyFMBidpsA9jM+sfkBcjx+FPpW1PYpd0oQyOKznV+lNvWoqdsYZIhOJbQNAlNwPP5RQHulGGQT2kqIjtEqI9iaQEtWyUOEdc45iCL5fhR5JgeZpohOUQAhtI0/wCBA96SDpVhzq8TyQhQ9SJ9qjK6UtA9lpwgfiyFR9dKYixSD+Zfd2R8gfWo+HRIIGVPaV8IzK1PdFKE9KUqE9Q+RxKSB6WrnC9JVBMJw6zJURAMXJI3cCKBj5AWDCgVJj41GL80getSSrL8SgOVhVfO2MSoWw6/GQPKAfWlb/SVaFZA2Cr8qAXFDkQiY8RQIuRxaeCv0K/asqnJ2pi1CQ0b/wCYJ9CZFZStj2Lck37zRhyqM2ZUIogMX51JRMTcVFxfKiIXbWoLq5k1TYkgyXZ7PGuMV+1ctOhJBrh9c3FSMnYNMpmdfYUYq40DAOSkDhNGUapEs7m1CYPzrr4hXLIie6mAWayK0K5ceAtv4UAErkoBobbhP4YHOiTQAvxmxGXPibSeeUe+tVzaHQJjKpTUtuQYKSpN/AzHjVrxLu4Go4fIOtql0NWUTYvR7FpYaAxKkly4bJWUpESbzbW9tSKKxsbHMQMgeRJKgh5bZUTvvN54a1bdhO50JWoZYQlCQfyjU8pPoE1PcdBtH19GpSRTk2Ul/HMJu9hMY2rSStakxv7SCT6VLwyNnPXD6RG4rcCgf/kUL+FWYuRUXFbPZdB6xpCu9I96YlQpw+x2nUgs4QkHRbzihPPKlRJ9KKjok1Murj/I3KE+pJNCV0Zw6TLQcZ5tOLR6AxXeH2biG5UzjVmbw62lz/VAVu407JoZo2HhgIThknmqR739K2ro/htVNNJ7kgf6jf2pcrG49JJU2y8mNG1qZPfCgb+NRmOmScyk/ZX0qRZRCA5B4Zge6i0NRfgPWtmMJEIYQQN5SB5qIk+tdHANH/y0HklCf9xH7Uow/S9pcwhWYfhcW22e+FqHoKmubZITncbcSjiC0EmdIVnk+FMRKZwrSRZDbYk/hTJM6yf70XqkbkZuZAA9fkKVYLapWmUYZ3fdSQknxcINC+1YtSrNdWniIeUfEqSlPrTAcOydAPDd/URS5/HBsqC3UTPwzmXoNEiZ8BURxCz/ABWsS7/M42Af/jbWlJ8aPhHi2IRg1pBOg6pIj+lXKkBo4zPZLLizxc+6HkqVjwTRQ2+bFxtrk2nMr9S/+yscxyzY4ZZHJTZHkFR5zXCsY4kSMMsDipbYT5ZoooDFbJbcP3inHY1Di5H6PhH6RUxrDpQIBbbQNwj949BSgbeVmyjDrWom+QoI80n50de0Hx/DwyQd+ZaBHeBJ9aQDaWzfMTz7VZVeZ2rilAKyATusPeT61lAWWJjXwrkHsmszAA860PhNRZZ11ggRrvoCjrWpvWj+9MDFmumXo8bVwrShGgBhgHABepGIxECl7OlcqVTsTRKexRERoRWYZ0gd9L1Kqakxb6sKVgSsPiJma1h3QSo8dKXrNaBNPUFDZ1fZ4VFVizFAUskiTQ6LBIP1snyqO6bn641UdrdPGmVPhKFKLKkpkkBKlGZHG3dQ+hnTQ4xbiHEpSoJzJyzBAsRfeJFLkdFw2P8AwUfyp9hUsa3+tKibKP3KP5E/KpQ1osRtY9/2rRVb64Vw6u31yrkqt9cqYrNFdrfV6Og28RUQG31xoiV/7qACJPz9zUbAswtwwLlMQI/CmaKwqa3gtV/zD/amkOzt7DpWIWlKh/mAPvUAbBYBlCS2U3BbUpEEi9gY9KZg1r83f8hQMXjCPJByYhR//qhLn+qyvWoCtp44OKR1CFhIBCgvLm7kq799PxUfDp7SjxIHkB+9FsNhc1tpxP8AEbS0QJOYOAdwUEKT60VnHPODMkMW4Oly8HgIpko/OlW2sC0ptaihJKQSDoZjiKNTCkcqexH4lNf0rUIHgkq9RUZb5SSerbWQLFalqPqmkWH2ezlskyde0r96InZrehBPepR9Jo1WKkOxi8ToA0BO6R8q7Beifu/Eq/aljOyGfyDzP71Lb2Sz+QetOyWSUl+NGv8AVWUM7GZ/9MVlFiHiq7SOyfCuTXafhPf+9SaADurnf4Gib64OtAAxpXJrtGlcUwDt0KaKyPnQ1GkBttEqFSFKm/InztQWTryBPjurajbyFAjkmuUqNYd9cZqBkjfQMdgy40tOfqgoZc41A/Fl5xMHcTRQq9Q9tPZUiTEAetVFWS3R5xtnY7TS1YcMKUFqkEEqK1TYEzTroj0OGFJfWIdKVAIBkIB1m5kkAd1WhSWn8p7JKVIVpwIPDvFSsVv7j7GpljUXaLeRyVM3sk/dI5IT8qOVyfriaBsz+Ej+VHtXe/y+dMk4dV7fOiKFtaiuG3gPnRVuwPD96CTgEWuaJw/mqMhdFCzFABmTBjlRdn/i/m/+qKjNriaPs1VlfzH2oGg81sHXvPyrlJrf9/ego6n5UBoX/rPokUQ/tQUPJTdSgm6tSB791IAs/XlUHax+5Xzn3NCc2/hkyS8jU6Gfak+1OlTBbUlBUongmPeKTaHTBYUjWipSaQI6QJH4FW5ijt9JUfkUe6D86SkidLLGybxUhRgxSjCbRzEEsupB3qASB5mpGI2uyj4nB4do+laWhNMYKdNZScdJ8PxV+k1lGqPcWlltJ7vOjJPZ8flVTTiQToTF5AJHmAa4weNS6lKkyUqmJBSTGtlCRcbxvrzV1s+dH1L0y4otAUOI4a1kX8aoGN6VMtKyrS6k5ik/drMqF7W4EHxqMenuFnKkOqUSBHVqkE6TJHPdvrRZ8z/6/qTb7HorYGk1rJXnT3TdpNiziAeBZKToSLE1010yCgVJYxCgDqG4AkxqVc6bz5lzj+qFZ6S3EGgkV52jpiNBhcWdL9TIm1pBualYTpC64IGExCZB7S0pAA3WKr93KpfU5Iq5Qpe9BqL6gQk+A+vKtq3eJqooxik3UM3+WwO75VGxG31pCCMM4c+7MABaZJtHDvissX9QeTiPzY07Lod9cZapSOkYypJbgkGQVgm2mgIOlRv/ABE9lz/ZwkkkZFOi3C4SRM7q1XVTf5fqiql2PQhqbivI8dtrF4TELOJQ4WitUBQ7KhJIhYF/Onz3SF9GUHCoM/FD/wAA7wjtW3TauldIlKTkU00UkqMkkkAREJIvwzc9BvuPUO/aVV2d/AaUux3sbpnh3VANtuC0lKWxAB3lWbTnVjY2sh2wChA3ixB0II9jVWGLZQCoX5Dcd0chNAVj1Zy4pX3cBJSLHMSmJ4js8qw9eyyf4dvqTUv/ACXjBbSaQhKVKg2tBJsBJtNtL0f7QjXMBpvjjVBTtIpJix0UTBIE3gDQyPOJrY2woqSQMwSTmiDJ7uF58qn1zMvxQJ9vsXZ90QLi8VmIsPD696pZ6RtJXC5mwsAYnfOlh71sdIUZ/jKcp0UBlgzA1meV++qXXy8YfUlz7ltbOldBVteNV77f/n07UAiYi0jcJGmtct7QASFqX2BJ5cAk+fKkv6km9o/z5A5FhxOI6syUrNvwtrX/ALQaXt9Jw2lX/wCPiFdokfdkAzprpSdG2C4nMhwA5LyoIAIkASbr1JHhRcPtVSyrKpxKhYAKOWwmZvM8PbSr9d3/AAjjNN0Ed6aOwcuHj+Ym3oKhYjphiiLFKddEjv8AxE0V7bmISJDqx35SNeY3Vyelz4V2nG4jTImPCd+7WtllUvFm9V2FOI27iFjtOufqgeQ1/vQEJccVAStZF9Fe/jNWRG1XHxdxluCZ+CTvEAiQNKU7V2izJS68T3uIA52zGx3d1LUm+H8g1UcI2M6TJLaAIstaZF40E9+6pb+xsO2CpeJSoyIS2QTz3H2rWF6TbPypQoNGNJQlSiO9A1tRlbZ2eR/+uVcwy/c8ZECjXvtF/InWQftWGRBQyV69pwyPLQ+VDG23bpQA2OCUhOvvU9zH4OY+xvfpeT6KWBrTJjB7OUnOpLjZIukqJIPCJNaRcn5fQaa7MqD76lHtkqJ4n5VytQ0j1PvVsewuzBcddMT2Rr4lMetK8Vh8MCkobdI1OdSTfWISmCI58qlpLloteSEvXRwPgKyrCrbCzogRu7Uem6tU/Y7h7XYitbbcR2khAC4sFZjYDMoz7boojO1cpUpKYQpaSlKoKs0DMqRom3tVLxO0AVBAWlQgG6kiOIzaifHSpWD2m3lUS823kSYRJUpZ1gHj+9czxZG6SGstMub+NzQLBRuSoAzOt9Y5cBRHcQFNCChSlRMECQJ0jw7oqi4XpE0p1CSoJbBzIJF89plWkG4g8qn7W20jDqmVOJVE5QlMWFhbv33OtCx5E6Ya4sfu41xq6Qk9oSrKZGbjwETRv8ReStKA6FTfS2WCCZ3ARfx41R9s9Kg4SEtuhsZZKuyqQLgkKInkItGlDf6WNqPZZUgGFfGDIBnKoFPw74FEujlLnf3k649i7DpERmSVgHOb8hobi5kSBA960duHOm2eY0iRA7R4XFVLFLxgH2pOEShoyrtCSBeJSCCBB4CI8aX4PFY1akFDN1gkHquzMxMmwFjeo9UU1s1S8+DGbvZHo2J2832YVeYJEQAZhOutjNR8Ft3OCmCTJEKgdkka8RA38TSDGdGtonqyh5tTkQUpCUBE6qJIhU3BMTYa7usL0RxClrRiMSrIMpIbMHiZBTAAjhcndXPkwYlcnNfD7IzrzCYxxKVpQhxJG9KLhI3SRree6K6Xi75LKITmFondF9DfzqNi+gDuYLZxSiNVZ82b+aU/GfAUye6BMphTbzyFBMFRUFzzKSnW+gI8Kp5+liknPnnY3WZpCt3aSrhIAJmUAFWW5BuZ4AzULEbZER16ZTCSBvTYwZ3AgeVXnozspDCAlAKgJJOmdRuTbSeE2EDdWtqbIwzikuuNJKkElI0mNATvE3jfAqH12KMqateFPf5EvM2UhraLZSlzOsjNcflEag8+FAd6QNZphRCRCRmUSd0/CEyL3gVe8ZhW8WlDZEtyCU3GgJtBtcEVsdHsKlJSGE9qMwAJkXBsb71CauPX4U/bi0/J2vnsJZm0ebubbSpcALyxAAMkk3jnc60VW3FRlQVGAfhFwJ3nyvXp2zNl4ZhcoYbCtygkSLbjRWsG2kqCUoED8KQDETu8LVf/ACHTPhP9xqe/J5Mna7iwAEKJ35dTYiIA5C+tSncW6shX2Z7NlItmjNfKodm9tdL16E7gwVhTisrYMGAtMfoMCdM0HWhOPIWkK6sAJSBaSIBMKBJvNr8u+uv0mFx1aS1i172VLAMYx1wIS02m8LUVK7Ii5VKgd+gE2oeP2bj9JZRGhzqTCdLhRIGaPWrmgWQcoPauEj4OEwe+bUZxa1xmgTabC3O9jz8qzWWCdqCotdOmvMq/+B41xpIXiWMqQCSBJB0AsO3A3mB71wroiXEoC3VlaVG4GUEfybiARVoWpCUpOeSDBg5QToIOlq0HTNu1xJiee6L8YpvPf4VX89xcOninuJML0PwoSmVPuSbhTmQDhYJJqSx0Zwm7DC35nFqkbvxQKcNtlQJm94mICTvJ491BUCIhJIVAzXvNrZRIuZ32mj1ifBfoYJ8Cn/A8MpRCMO2kixTlCyPFYnfvqdgdnJZMJbQnS5bbSd8xCeEUQyfhi6sup7UayZ5TP712lSs2Qgm2shV7+QsR3VMsuTuNY49gra4kJkGTJAi+/hRA1nVB7R17+JMmgYVwklOSMvI+NxzJrZICx2FWSJIKhvNrG/jUam3THt4GBuScqTGtzBPlrvrhQjNy07hvJ+taJmIgqCtNNONrC+69rihP4pqcoNzB4EXsAd+/hQPwDai6QTYgjefr2obZKjbxOkcoihjE5pITATYXgE9/KPWuwuRMju1twB/tSYztZE3MnlcVlCKmj/ya1S1haPLk9GcRCcwbRH5nWwfLNNSk9Fbk/aWTOuTOsJ5E5de6t/8Ah5Y+J5KZ56+tTdn9Fi4fu3VkD4igWHeowB4mvao80E10fwqYnEOKKbgpRoe4xU9zY7S8pSHntwlYRB1uNx539KaM7HwzI+9eFtwOc+MW/wBVco6U4JlYThmVOukgAFRUSd3ZTahxXLFZvZHRrEPOKLuHw4TE9vOoKMBIJAVrlGsCnzWw8O1EsNZhqAk2jfKiba76V4h3a74JSlvDp0grAVH9E+ppvszZ+IRhurxL4cURZSEmUjWM5jNfkPGvI63qsMlpjk+T3+hrDT+cY4R/7sngeGm6/pWl4iUqCDlOgJAUARvi011snBltk9cvrFHReXITAIGYAxPGImNKgYpSQkZLCNxnmTbW9r14uS1j06v3+Zlr0o0xilpSA6tGYFV06EbjBuO6pWICgsuQQVIIGl4Kb30130PZ5QlISpOdUyezOUzoTxFrcaPisYpK0gAjfoSI75sNb1nCm3Hen8jPwsK6lQRc3IkehgeVaDZypFlKUZMbwYgX1NqCjF/aCZXCSRBmCSeHgY7u+uMQFpUlTShlb0CgASRP4q0lhxRTuQahg6Q2rILZYmIAB4D0qPjEpOkGRMkaG5j1qL9mc6tRJBWoyRN93npQ2jmB4pG70E8ZqXu/7a28PL/YNkrY7aWgYCVKBjPEkamAN1iJO+pTCVKIKj2tAN54e9LcNjVIYIMSpSiTwEwB6T41L2e46hTbzg+6VOWdRGioF4J0rSf9xKHgueyGpLwQPEBTa8x7KVA6HTdYG03EVGexaEnOCoFRuLW3fWtTPtiHnTMFHxjv4eBnyFQMWhBcUuIBOloG7ThoYoyQxqva29xLkyfiMOShSQnNJEDNqnWSTpNjaPKoLxQlMFCuzbKlJJAvFh6A2qanGBImQSogTwAmbfLlUfaeLIKABMzIAnTT1q31k9uHz5UdMOo0p7AMYtUhPaCcgWSUhIIJsCSJ40DD4S+dIC3FApHBOvauYn+3CmIccXrroJM6TA+uNQNoNOFBUheVWZClkEiNxHCBERvitY9Uq4/x9i/WlXBIZZXAJAIjLJSdYGbU2t4VGcw6kqCkx2bqzZRbdrunNrTJjHicsXG8/wBvDzrtzBhaluJggInLeSZgb+c+FarqI8eP6FR6mMuUKV4oXkmQMsFW6DM2mDNxRMO+jPkWvISAReJBEk3kDxoeMwpSEFKFKKlHN8JygawBff6VHc2WpSDlRlAJUAUxrFkiNeXMVay+zqf128jXWmtSGOMSpKArshJkJgxJ43EHT2FAx0dXBcSJm4BE8p1Og0G/fWLwjtkOFGUCcpNhJmD3DWKivoU1Mtw2IynWZudJgW/5rTVW1gppvkk4NKGwlLdxFjESLQZ1v32mt4l9QBIKSTFjqOfLf5VrBlAAN8pAhIF9Ijymor2KXeEWKrDUpMm3ECBunXvoVNmt0TGX84AUoDdaQREgn+1dP4lKUIQTIQc0pETPEAXgmNeOtLcilg9mZsIO8XuO+b+lHw74UYhMiUjiLEGVBUkb5vu1rRcA0GeZSpUxEC4vBm8yFW3zNBxDbjiRkiN5CrTu5zPv41JadJASFBQEybgm5iBwjjXCiEZQIjW1o8dOfnSVAo9iN9hixSmR4+prdSRiF/kH6h+1ZRb7DqI2xCGioqW32AiE5EJBzXJg5bceF9LXjPbJw5WLOqEJOVxZsYEyEmJ4i+lNDigVEIIiwi2aIHxI+JNjvFDfRfONFa99ef1/VZcSUFJr6HBOSk7oru3+hOHxMBsdQvcoSUxvCkTHiL99Stk4BvCoQwlQd6oq7ZSBJJUbDdqRPAU7xTWZCgDBUIB79BPiBVcyKg2hSTJ5nurnw5cubDLHJ2k/iYzlWxYMOwSDEka7zHEfXCj47ElKciIATAJO86mkRxS0pgOZAbqEmSIuLWnT1rWJ2ogkgHtAZo0zfvApYMaxptctUTqG2IdzNm+g3bxSjA7PdbCEulJGX4Z32sd1BwuOyIWkmxEpPC/141sLUtxSp5jgLiPepxN44Si9+wm09yWvDOqkRA5mPAcfajvYlCUCB8FhN7myiK3hcTbKo62HfuitpZbyw72zysAeUX8afT9RFJxdJv8Al2JrxRAYZJUk2ShBBtABgzFvWiY7FpEmJFEQ4hR6tMWXlI3XuJ+t1TcS82o5AgZQSDmGpFiYqPR6k5Phb+8aWwo2riB1IUFRBEd/70fYjwcgxuXPNRSYJ4/vFR32cOpzKJV1as2STlBN55iwt702efUEiIEEWGkUsUow0+8Vb2QupQ44lDhyJkSQLZd4jwo+P26FrMaCwH5QNIG61cBoLlR0BM9/OgoaaUr4BxmInyroyXCDSe3+RKzMZtEpaKtY0+XvUPYgGKyAnICo5jwAAJ9/WiYxpLe6WldkgnQ/PT0NRcLgHcL1sDOm5bykKN4iQO4T3VPTKMlv7/2E7vcZO7MZUuG1KLbZ3nWwkTukx9Gi/bLXA7t3lSfDY5SCGylSQEzmKSJXYqvF9T5U06oLBClX1JHDcNL1lljKeTZbPgafYl4BCXEaEAFVxeZ09KzaGAGW05oMG9zrcc9KG8OyAnspAsBuoWCcKgUwcka/Pl9ca7fV4ThUeV4/qgvwZFSsNocU7ZTYyhIEg3G/S0276Ps0JxKJB6uYzcOU6T3aDxM8bF2Sl1t3rlQMxTfWxve2+PKgnDIYzBoly6TG9Im+mpgk1EMagtTXu3FQybxKUrhABCQoJBI+IgiSdd+6uft5QlJWkZkpsnW9yQAeM0nwyjmjn7SacNdsFKwI5/XrXJlzTXPBSbaNbUxPWJCkR2jqbREdm+tr0BxtSQgLjtfh5DSeFD2IvMhK1GcpISOJHAeIou1nlrKUxoZtpOgJGp3610ZVG7lz9xJ/mIeESe32T2SBca2uoAgedT9kYAuAkdlA1KhMWJ1NiRO4771DefU2kBR7ZUCkgz2QCDzFyPKm2K2s31SWmjCQLnXMreTpbgO6uqPWrTb+B2et2qqmKNqqaSs5JWkG4MW1mIHE6EHWoG0lZIgRnAzBIF7nL8Pf32FMm0KSlWVxIK79pOioMEazrvFLMBhSl3IISpUqTBkkpF1ZidPaK6cGbHkj7Lt+KN4ZFLayI7tLIJyAzIAmDzgADQXrlGJUpCldkJInWYInSw7u6pDfVpcTYZgknOBmJBsI3zrUPb2L+7zImUADMIuCbiCb1tpvgJNxO28W3F8pO89q/pWUmyk3CZB5D5GsqvRPsR6Vnv7+0oXlTBURplJ0/wDcAI37/ClO18Cp0ShBQ5GYiJSeVhc8xxqoYDaOFP32GxCHHOzmQFwVgWjqxBsCTYairBjMQpaCOrS4DaO0PA9u1dOfBHMqnuu3395z0hNtPHLyhIlN8iwdUngeFCYxMhvOpKRJClGTCYgfDJJ/apuFywtGVsvNhMtpzLCEmS3nKySVWPhQA42lpX2hICjaQkBIv2e1AI1rxY/03JjnUeL+fvJcb3sWuoQo9l1KvNIPA3FLsZhlAhYKcwj8Sd3jeo2DWHQvLlJbsvKoOJEz+JNtQY32qMpR+9mAFGZPETA7jmHkKnRJTpqmv53MnEZYl/sTx3d+onhNSth48K1IkgAzuMikWxnwsvMumFIMAJULp/NHkfEVNdwKko+7IVbcIVrOk38KjJjirhLn9ROLTLPjMQQciDChu0J5zvpUMc82o57jn+9JC84EoCgdFFKybyDcRqU7p0BEbrMUYtSkpzolJFireQYVEbp50p4dNutgdm8Djcj2ZUALJkzESqxnwqyh7MsXtlnzMmqTtVtRQS12iIOU3tInT3pyxtUJVmjdAA3Qf+KjNFvHt4/ahx2M2bixmMpzFKjBP5VHT38xTtxyQOX/AAPeq1s/tJU4vsJuZ4kzYchxpnhsalQSZnTkDOh/txrHPjk3qXgCJaEqDRSCTKpM77Ru866Ysm2+f2/eoj+0QAQDeCT860dpBITaYSJ4ybn3rJKcovUGyJyFCIULyFCdxuPOoKMQrMSJi80o+2qcWq4ABkkmAlI3k7gKz/FVkhOGaKwPicWIvf4UGwvvVJjcK1x9JJiuyyIx8AWUuRMJBVbiY3a0r2h0labUQEKUd8dnzPEV30e2qWypLii2XBkngqZSeBFzXG3dnhyesnOPxCJPCTvFx5V0Y+jxxqVuwcmd7H2809KVSiBIBIM9xjWmKdopUIQbRJPtf9vOvN3MzRg2INWnZakloLzXXO6dItrzq8mOWO3BumTbOtodIWw8Gi3Lc3hSgZOp177c6ZvpbbPWoX2FCQNeF54H96pe0GSHO0CCb8tTodDVw2FswloFxM2lKZ/CZg28TUZcUUou35+NgrewLCYgF3spN5tOhIuO6TRNu7S6uW0XVmy7wedvCKn4zElhCltoSSmQIAInebaxr5VWv8GxbiQ8GlKQJJNsx4nLOY+VTDHDLTp7dyqaG+FxuUC9xJnvifYVxhH5P1NJMEFOKSn82gmDzPIc+W+mm0djPlIS0pAGisqiCeAzKA8poXSuT5Ekwm1tpIyZSApegG9Pju7qTjE5QDJJ4D97+nnRE7I6qEvEtk6KMKQQR8PCfHwqBinWm3ldpRAAgj4eMQNfOu7B0Kit1sbwgnyMDjlSFOZgN4gc7QdDoNfKusHt0pS51aBKkpSCRmUgA3F9ARu7jVU2vt5S5QgpAvJSAB38zYXrjYhUgLVBEj4iSASI8zrxr0MfT6FaVe439Io7RQ22pt6yVKUvMfiSCTMaW4aiNKX/AGla1iB2dIuQq9pApZiMT1rkKgJG8RfnEU42UZjKLExcC/rz9a3jDTVkuTbJHVODVoA80wfKsq4sbDXlErcB5Lt4XrVa6H2I1Hi7IOYb7i3j/c1LRtF1s5m3XEHilakn0NSPsoJEACNbkz+xqNim1E3HrVANUdLMWQFKeKzpJsYBtdME676kYLpU3ml9DhO5QIcjuS5aq8lAyXmZPCN3KojiTNFID0fZHSHCoeW71pLa28vVlsIJUCkpUpUZTAzRwzVIG2WhLjKO3mlF8yeUwrTurzdlBKNLJN/SgqUUmRIPEW9RWU8EZbvkC+7MZ+0Y5K33kILpJSGk5CVgWRKkkJBAIJn3p9jsC4ggBKr2Fjx5C+tebbP2w8nRZkXEgEg9+vrUhXSBzVeY3vC1CfAkisc3S+lSvlENWWbpQ8WUhRAJWCEyVSjfBGUzrIvRNmYPEBKVrSQlSJJgG4y5VSNJSeGtV9nbqVoKFqJB0DgKgnmNRVv2TtvCpwjTKklSkAglITBMk2g21rJdKvRuFbja2pGurUEKXkWs5jlCEqWYFhASPq/CuGcPnPbCmwrtGUlKr2PZIBBNqiba2664UhkqQkSJIAMH8uU276sOw82Kw4VfrGlFtSjCyuwMycpSIULX01rnl0k6258uxLgKcZj2kQlZKUCySJIgaCPWR6zQ8C0lJKmXusbUTnClSUzcG2l4sYtXfSPZrSW1LeKxlkgt6gWsASATYa1564spVIcPEagwbid091aY+kvHpezDSegZzJnXf86DisaTIHH6+VF2elTuHS9IIPx5bweBjQ6WneKXt4Valq6tJUobhr4Taa4liqemS3Rm4jHZOAW+coSerB7SjYLUN3MDlqZqyubVw2ESUglawPgQnObeg7ta8/P2ltSi625lIykIhcGd4STfdeuXtstozDtpUR2RBFosZ3V2Lpnfc1UNrGW0tvtqWS8pLVv4aQVa6FS9AeSeO+nmz9qgtpbdVFvulnhuSo/OvLXTPazDMdSQRJ45iDTnYryshbUQY7SYINjrpun3qsvTKEbj8SZRVDzbCJVCt2tGw72VhEHQqHtFRncQFktr1Hwnzgc/rxjsuHq1JJ+Fd+WoPtXIk9NMzosuxsKHIdcuEk5AYIUrfI4C3jFNV40jMZmQBrumlOExASlLSblIjx1JPCt43HFswlBUpX41JORNj8MiFnnoOB1riUJzyNrhceSK8BqnEhCQomPc+FMdiYhbhzyQEmwvaqg0STmWSe/VX9qc7P26luy+y3vjfyECZMR41WHClKvFgnuTMZiGwtZT+ZQSEgAkSbCNE86QP9JiFaDKNNSkd8GfWlfSDHYdK+sbW7C7dUv8MR8JFlA87iOEVV8biVukAi02SFD1416+Do1+KTNNO+426VdMhiB1SGkgg9pYKoVG4NqmItB77VXQTGtouJ1vwoGGw5K9CTN93rTIYcqkgEgWIUd41AKbxXoQhGCqJRECZmdJVTMFbqCYWSIjtWjeAgCOH0aLgNkoUSFtuhRMAJUIvobpPrVj2djF4dtTbdlLgAuGSBvhJOUG3DfVAIdnYJoxmCo3wQOERNpmatmyGsK2nsDMqez1yRH6wCKcYHCpISVNBLxAKlEFU2MyDYaj9qaLaRN0NQbhJTodJmbnWmosLAN4luLqankv/isqb1bZv1KfIftWVVkiDaX/AE+Uq+RDccStXllDY96qu2+ha2RZWZRNrBA3yACok99qn9N+mLz620BaupTCilJPaN5mOA96sGwmFPsoUrKqRIzJKVTcAdoZVHnAmaMuNQdWZYMzypSS2PJ3MKU/ED5WrGU5NEpM8QDPnXoOM2W228FrS5EQpMIJzaE5SkpA8D41EVshtU5QBM8Z9/lWGo6CnvtlYHYSI4W84qInZeYmCLbgatTuESglISTGpiB5b/Oq5jStR0gDSBbv51SYA29jlMrWUxpBUEnvv3aUqxGpjSpwaUeJ9a4W0BM793D64VSAgJtUparzWKaG6iuyRJ10+jQIhpxCkmUqUnuJFN8Dt/ENp7KzfXd6pg0oUzRmUdnunjQAzxO31L/iZz/WVeijWzjGliJH9Q/e1I3hWmzUuCYM9X/6fYzDN4VbbpEqcUqySREJA+EHhXG3dp4dttYwylZyLHtiDuMmNK8yB0ItbXSul7QdH4ye/te9DimgJ5U8laloUqVakKuZ/MVamrCrG4ZDYOIc+2PASGzZCCde0U374qrNbVV+JKT3W/cVslpXalaCeEEe81lLG3z9AH7/AEnAsxhcKnhKEk//AFppgcMh1KHCGQ6oGQ0C2EyPgUFmCZGoi486k0w0dXieRgf7qcYLHLZUOrOdA0Ch+xPvUSwxapAq8S3t9GVD75YGYgQieWs6X3ClGPwWUkxAUCII0IvXo+xXk4htLoM5hcflOhF9I4V1j+j7T1iSAPxcNJ5R+1eZJNPYlxZ5u44GsiFSVORmH4igbp3DieYqXjMVmOZw5U/hQVRE8SdJjvPrTvamBaZSX319kAoRlRLhUQcvxDLumLgRzrzzqx/EcdKlQAomw8uNbw6aTVS2+/7E6Swu41AmTmMWAFuQBFhSPaXSERCAJE3Nwk6TzNLcTiVLMJnINSSBPfuFqXLXYiB5c668PRwg9T5KUUgzuJJVJUFk6qMmD7UPCuAH4M3KSPauG3CDbXxoriVKuUfLvrrKO3XEkQlK0H68TVi6NJaWn7xbqHJI7OUJy7rkjxpVgcG6oSAAP8ywPfuqbgRkV21JgiLCQTw1FqnVuOi9YHENs360lZKspWlsgxM3PbTcC/fUsv8AWZnnOqULZlQoBO4XGYGqoyEuklbiVE27RVbuiatKcG3kR1iW1FItkzyOMiNTVxsToO1szCqCYcLRKZJBlSp0MkFQHA2orbK02S51iRp1gueHaBt4g0zwez2nU9a46SoWAUQoxuBm4v40ZjZLa9HUpVM2NiNIiaokWfaFf+ifBSY8JIrKsI6Pf+6P0/3rKPiISYronhnHQpLYS4qwCRlB1mRppv5Uzw6kplpRTIIA7F1A6XmIEHUb6ysrFlpETH4MKGgOWM2lxoNd4sO6KTuqTniEhIkRfvnTdp41lZSSQMrm2sY2CU6AzqNxv+FPuLUjYxqkqOpSd3YIgabhyrKyk2IivtyokFUmZIhO6Y108BUV1oG6kyeMwT/fnWVlKxkYlMABIBE31kHQRuio6xNZWVohgSgV0UCKysqkIA43XKGpNarKAJwwYKR3fXGl62ZUeVbrKYARajoNhWqygGDe0rWHcKT2SR3Ej2rKygB1svpNimCereUmRfQz9cabK6dYlXxrX4LIH6YisrKjRG7oAWM6SFwDOXVndmVI97eVJcQ+FKBXYXMJisrKqgBOZSoqAIFgJgnzrbLEg1lZTA7YR2rgeN6cOJQgE6QOdZWVEuSWTcFsxx1gupAga3gxvMaUR1KXG0NiM6fxFIBjcmQLjfJvWVlS9qLQ96L7JgEwlTg1Jk5Z+HKNNPanbmIVnCEhOfUgyDH9III5ZqysraOyI5Jy9oHLlXlSq10zYX0kH6FYMQkiATpvv661qsq0hWGTJA7R8Ij1rKyspUFn/9k=', 4, '2025-11-04 19:40:20');

-- --------------------------------------------------------

--
-- Estructura de tabla para la tabla `novedad_lecturas`
--

CREATE TABLE `novedad_lecturas` (
  `id` int(11) NOT NULL,
  `usuario_id` int(11) NOT NULL,
  `novedad_id` int(11) NOT NULL,
  `fecha_lectura` datetime DEFAULT current_timestamp()
) ENGINE=InnoDB DEFAULT CHARSET=utf8mb4 COLLATE=utf8mb4_general_ci;

--
-- Volcado de datos para la tabla `novedad_lecturas`
--

INSERT INTO `novedad_lecturas` (`id`, `usuario_id`, `novedad_id`, `fecha_lectura`) VALUES
(1, 1, 1, '2025-10-28 02:18:03'),
(2, 1, 2, '2025-10-28 02:18:03'),
(3, 1, 3, '2025-10-28 02:18:03'),
(5, 1, 1, '2025-10-28 02:18:07'),
(6, 1, 2, '2025-10-28 02:18:07'),
(7, 1, 3, '2025-10-28 02:18:07');

-- --------------------------------------------------------

--
-- Estructura de tabla para la tabla `productores_productos`
--

CREATE TABLE `productores_productos` (
  `id` int(11) NOT NULL,
  `usuario_id` int(11) NOT NULL,
  `producto_id` int(11) NOT NULL,
  `area_cultivada` decimal(10,2) DEFAULT NULL,
  `produccion_actual` decimal(10,2) DEFAULT NULL,
  `fecha_inicio_produccion` date DEFAULT NULL,
  `estado_produccion` enum('Activo','Inactivo','Pausado') DEFAULT 'Activo',
  `notas` text DEFAULT NULL,
  `fecha_registro` timestamp NOT NULL DEFAULT current_timestamp()
) ENGINE=InnoDB DEFAULT CHARSET=utf8mb4 COLLATE=utf8mb4_general_ci;

--
-- Volcado de datos para la tabla `productores_productos`
--

INSERT INTO `productores_productos` (`id`, `usuario_id`, `producto_id`, `area_cultivada`, `produccion_actual`, `fecha_inicio_produccion`, `estado_produccion`, `notas`, `fecha_registro`) VALUES
(1, 2, 1, 5.50, 2.30, NULL, 'Activo', NULL, '2025-11-04 19:40:20'),
(2, 2, 2, 3.00, 8.50, NULL, 'Activo', NULL, '2025-11-04 19:40:20'),
(3, 5, 1, 4.00, 2.00, '0000-00-00', 'Activo', NULL, '2025-11-15 01:21:14');

--
-- Disparadores `productores_productos`
--
DELIMITER $$
CREATE TRIGGER `actualizar_rol_productor` AFTER INSERT ON `productores_productos` FOR EACH ROW BEGIN
  DECLARE productor_rol_id INT;
  
  -- Obtener el ID del rol 'Productor'
  SELECT id INTO productor_rol_id FROM roles WHERE nombre = 'Productor' LIMIT 1;
  
  -- Solo actualizar si el estado es 'Activo' y el usuario no tiene un rol especial
  IF NEW.estado_produccion = 'Activo' AND productor_rol_id IS NOT NULL THEN
    UPDATE `usuarios` 
    SET `rol_id` = productor_rol_id
    WHERE `id` = NEW.usuario_id 
      AND `rol_id` IS NULL;
  END IF;
END
$$
DELIMITER ;

-- --------------------------------------------------------

--
-- Estructura de tabla para la tabla `productos`
--

CREATE TABLE `productos` (
  `id` int(11) NOT NULL,
  `nombre` varchar(100) NOT NULL,
  `categoria_id` int(11) NOT NULL,
  `descripcion` text DEFAULT NULL,
  `imagen` text DEFAULT NULL,
  `estado` varchar(50) DEFAULT 'Disponible',
  `ubicacion_cosecha` text DEFAULT NULL,
  `temporada_cosecha` varchar(100) DEFAULT NULL,
  `metodo_cosecha` text DEFAULT NULL,
  `produccion_toneladas` varchar(50) DEFAULT NULL,
  `precio_libra` decimal(10,2) DEFAULT 0.00,
  `precio_bulto` decimal(10,2) DEFAULT 0.00,
  `precio_camion` decimal(10,2) DEFAULT 0.00,
  `nuevo` tinyint(1) DEFAULT 0,
  `disponible` tinyint(1) DEFAULT 1,
  `fecha_creacion` timestamp NOT NULL DEFAULT current_timestamp(),
  `fecha_actualizacion` timestamp NOT NULL DEFAULT current_timestamp() ON UPDATE current_timestamp()
) ENGINE=InnoDB DEFAULT CHARSET=utf8mb4 COLLATE=utf8mb4_general_ci;

--
-- Volcado de datos para la tabla `productos`
--

INSERT INTO `productos` (`id`, `nombre`, `categoria_id`, `descripcion`, `imagen`, `estado`, `ubicacion_cosecha`, `temporada_cosecha`, `metodo_cosecha`, `produccion_toneladas`, `precio_libra`, `precio_bulto`, `precio_camion`, `nuevo`, `disponible`, `fecha_creacion`, `fecha_actualizacion`) VALUES
(1, 'Cacao Premium', 1, 'Cacao de alta calidad cultivado en las montañas de Chocó', 'https://i.pinimg.com/1200x/97/69/b4/9769b4e7d7bff9797234392f22968f08.jpg', 'Disponible', NULL, NULL, NULL, NULL, 2500.00, 125000.00, 2500000.00, 1, 1, '2025-11-04 19:40:20', '2025-11-15 16:42:26'),
(2, 'Plátano Verde', 1, 'Plátano verde fresco para exportación', 'https://i.pinimg.com/736x/c4/92/bd/c492bd95e6cd190ae3acf7b5f56f61fd.jpg', 'Disponible', NULL, NULL, NULL, NULL, 800.00, 40000.00, 800000.00, 0, 1, '2025-11-04 19:40:20', '2025-11-15 16:44:46'),
(3, 'Yuca Blanca', 3, 'Yuca blanca de excelente calidad', 'http://i.pinimg.com/1200x/e7/77/36/e777369ea14227d233aa73462f70d985.jpg', 'Disponible', NULL, NULL, NULL, NULL, 1200.00, 60000.00, 1200000.00, 0, 1, '2025-11-04 19:40:20', '2025-11-15 16:45:56'),
(4, 'Maíz Amarillo', 4, 'Maíz amarillo para consumo y procesamiento', 'https://i.pinimg.com/736x/92/7e/97/927e970ad0bfe77060963a2549a939ab.jpg', 'Disponible', NULL, NULL, NULL, NULL, 1800.00, 90000.00, 1800000.00, 1, 1, '2025-11-04 19:40:20', '2025-11-15 16:47:07');

-- --------------------------------------------------------

--
-- Estructura de tabla para la tabla `producto_vistas`
--

CREATE TABLE `producto_vistas` (
  `id` int(11) NOT NULL,
  `usuario_id` int(11) NOT NULL,
  `producto_id` int(11) NOT NULL,
  `fecha_vista` datetime DEFAULT current_timestamp()
) ENGINE=InnoDB DEFAULT CHARSET=utf8mb4 COLLATE=utf8mb4_general_ci;

-- --------------------------------------------------------

--
-- Estructura de tabla para la tabla `roles`
--

CREATE TABLE `roles` (
  `id` int(11) NOT NULL,
  `nombre` varchar(50) NOT NULL,
  `descripcion` text DEFAULT NULL,
  `fecha_creacion` timestamp NOT NULL DEFAULT current_timestamp()
) ENGINE=InnoDB DEFAULT CHARSET=utf8mb4 COLLATE=utf8mb4_general_ci;

--
-- Volcado de datos para la tabla `roles`
--

INSERT INTO `roles` (`id`, `nombre`, `descripcion`, `fecha_creacion`) VALUES
(1, 'Administrador', 'Usuario con acceso completo al sistema. Puede gestionar usuarios, productos, novedades y ver métricas.', '2025-11-15 01:00:10'),
(2, 'Encargado de Novedades', 'Usuario encargado de crear y administrar novedades del sistema.', '2025-11-15 01:00:10'),
(3, 'Productor', 'Usuario que produce productos agrícolas y puede agregar productos al sistema.', '2025-11-15 01:00:10');

-- --------------------------------------------------------

--
-- Estructura de tabla para la tabla `usuarios`
--

CREATE TABLE `usuarios` (
  `id` int(11) NOT NULL,
  `nombre` varchar(100) NOT NULL,
  `email` varchar(100) NOT NULL,
  `clave` varchar(255) NOT NULL,
  `telefono` varchar(20) DEFAULT NULL,
  `direccion` text DEFAULT NULL,
  `rol_id` int(11) DEFAULT NULL,
  `fecha_registro` timestamp NOT NULL DEFAULT current_timestamp()
) ENGINE=InnoDB DEFAULT CHARSET=utf8mb4 COLLATE=utf8mb4_general_ci;

--
-- Volcado de datos para la tabla `usuarios`
--

INSERT INTO `usuarios` (`id`, `nombre`, `email`, `clave`, `telefono`, `direccion`, `rol_id`, `fecha_registro`) VALUES
(1, 'Administrador', 'admin@agrochoco.com', '$2b$10$MBiMx2SV6bon7HIsAfg2Ueq/SCPp5gliU1mrCpFDTJGhMNyvlNr4a', NULL, NULL, 1, '2025-11-04 19:40:19'),
(2, 'Juan Pérez', 'juan@email.com', '$2b$10$guX.m2BkCrLhynh3Q13Vs.h1.ssHwaJ42klSwWLI.XgMnAhEDq73e', NULL, NULL, 3, '2025-11-04 19:40:19'),
(3, 'María García', 'maria@email.com', '$2b$10$guX.m2BkCrLhynh3Q13Vs.h1.ssHwaJ42klSwWLI.XgMnAhEDq73e', NULL, NULL, NULL, '2025-11-04 19:40:19'),
(4, 'Carlos Editor', 'carlos@email.com', '$2b$10$guX.m2BkCrLhynh3Q13Vs.h1.ssHwaJ42klSwWLI.XgMnAhEDq73e', NULL, NULL, 2, '2025-11-04 19:40:19'),
(5, 'sa', 'sa@gmail.com', '$2b$10$9.3Rrq3OvKG956Y1nqikYepmwaJLeueCHAm.HRpD3jcOBuaRJPt2C', '12', 'sa', 3, '2025-11-15 01:12:33'),
(6, 'Gustavo Mena Palacios', 'gustavomena@gmail.com', '$2b$10$ooIZKEQtomlIPE5tKc7CRuFHqpSBy7ag0Hm91lk3AOa3HPBgeAx2e', '3217391838', 'Simon bolivar', 1, '2025-11-15 16:49:53');

--
-- Índices para tablas volcadas
--

--
-- Indices de la tabla `categorias`
--
ALTER TABLE `categorias`
  ADD PRIMARY KEY (`id`),
  ADD UNIQUE KEY `nombre` (`nombre`);

--
-- Indices de la tabla `novedades`
--
ALTER TABLE `novedades`
  ADD PRIMARY KEY (`id`),
  ADD KEY `fk_novedades_usuario` (`usuario_id`),
  ADD KEY `idx_fecha_creacion` (`fecha_creacion`);

--
-- Indices de la tabla `novedad_lecturas`
--
ALTER TABLE `novedad_lecturas`
  ADD PRIMARY KEY (`id`),
  ADD KEY `idx_usuario` (`usuario_id`),
  ADD KEY `idx_novedad` (`novedad_id`),
  ADD KEY `idx_fecha` (`fecha_lectura`);

--
-- Indices de la tabla `productores_productos`
--
ALTER TABLE `productores_productos`
  ADD PRIMARY KEY (`id`),
  ADD UNIQUE KEY `unique_usuario_producto` (`usuario_id`,`producto_id`),
  ADD KEY `fk_pp_usuario` (`usuario_id`),
  ADD KEY `fk_pp_producto` (`producto_id`),
  ADD KEY `idx_estado_produccion` (`estado_produccion`);

--
-- Indices de la tabla `productos`
--
ALTER TABLE `productos`
  ADD PRIMARY KEY (`id`),
  ADD KEY `idx_categoria_id` (`categoria_id`),
  ADD KEY `idx_estado` (`estado`);

--
-- Indices de la tabla `producto_vistas`
--
ALTER TABLE `producto_vistas`
  ADD PRIMARY KEY (`id`),
  ADD KEY `idx_usuario` (`usuario_id`),
  ADD KEY `idx_producto` (`producto_id`),
  ADD KEY `idx_fecha` (`fecha_vista`);

--
-- Indices de la tabla `roles`
--
ALTER TABLE `roles`
  ADD PRIMARY KEY (`id`),
  ADD UNIQUE KEY `nombre` (`nombre`);

--
-- Indices de la tabla `usuarios`
--
ALTER TABLE `usuarios`
  ADD PRIMARY KEY (`id`),
  ADD UNIQUE KEY `email` (`email`),
  ADD KEY `idx_rol_id` (`rol_id`);

--
-- AUTO_INCREMENT de las tablas volcadas
--

--
-- AUTO_INCREMENT de la tabla `categorias`
--
ALTER TABLE `categorias`
  MODIFY `id` int(11) NOT NULL AUTO_INCREMENT, AUTO_INCREMENT=9;

--
-- AUTO_INCREMENT de la tabla `novedades`
--
ALTER TABLE `novedades`
  MODIFY `id` int(11) NOT NULL AUTO_INCREMENT, AUTO_INCREMENT=6;

--
-- AUTO_INCREMENT de la tabla `novedad_lecturas`
--
ALTER TABLE `novedad_lecturas`
  MODIFY `id` int(11) NOT NULL AUTO_INCREMENT, AUTO_INCREMENT=9;

--
-- AUTO_INCREMENT de la tabla `productores_productos`
--
ALTER TABLE `productores_productos`
  MODIFY `id` int(11) NOT NULL AUTO_INCREMENT, AUTO_INCREMENT=4;

--
-- AUTO_INCREMENT de la tabla `productos`
--
ALTER TABLE `productos`
  MODIFY `id` int(11) NOT NULL AUTO_INCREMENT, AUTO_INCREMENT=5;

--
-- AUTO_INCREMENT de la tabla `producto_vistas`
--
ALTER TABLE `producto_vistas`
  MODIFY `id` int(11) NOT NULL AUTO_INCREMENT;

--
-- AUTO_INCREMENT de la tabla `roles`
--
ALTER TABLE `roles`
  MODIFY `id` int(11) NOT NULL AUTO_INCREMENT, AUTO_INCREMENT=4;

--
-- AUTO_INCREMENT de la tabla `usuarios`
--
ALTER TABLE `usuarios`
  MODIFY `id` int(11) NOT NULL AUTO_INCREMENT, AUTO_INCREMENT=7;

--
-- Restricciones para tablas volcadas
--

--
-- Filtros para la tabla `novedades`
--
ALTER TABLE `novedades`
  ADD CONSTRAINT `fk_novedades_usuario` FOREIGN KEY (`usuario_id`) REFERENCES `usuarios` (`id`) ON DELETE SET NULL;

--
-- Filtros para la tabla `novedad_lecturas`
--
ALTER TABLE `novedad_lecturas`
  ADD CONSTRAINT `novedad_lecturas_ibfk_1` FOREIGN KEY (`usuario_id`) REFERENCES `usuarios` (`id`) ON DELETE CASCADE,
  ADD CONSTRAINT `novedad_lecturas_ibfk_2` FOREIGN KEY (`novedad_id`) REFERENCES `novedades` (`id`) ON DELETE CASCADE;

--
-- Filtros para la tabla `productores_productos`
--
ALTER TABLE `productores_productos`
  ADD CONSTRAINT `fk_pp_producto` FOREIGN KEY (`producto_id`) REFERENCES `productos` (`id`) ON DELETE CASCADE,
  ADD CONSTRAINT `fk_pp_usuario` FOREIGN KEY (`usuario_id`) REFERENCES `usuarios` (`id`) ON DELETE CASCADE;

--
-- Filtros para la tabla `productos`
--
ALTER TABLE `productos`
  ADD CONSTRAINT `fk_productos_categoria` FOREIGN KEY (`categoria_id`) REFERENCES `categorias` (`id`);

--
-- Filtros para la tabla `producto_vistas`
--
ALTER TABLE `producto_vistas`
  ADD CONSTRAINT `producto_vistas_ibfk_1` FOREIGN KEY (`usuario_id`) REFERENCES `usuarios` (`id`) ON DELETE CASCADE,
  ADD CONSTRAINT `producto_vistas_ibfk_2` FOREIGN KEY (`producto_id`) REFERENCES `productos` (`id`) ON DELETE CASCADE;

--
-- Filtros para la tabla `usuarios`
--
ALTER TABLE `usuarios`
  ADD CONSTRAINT `fk_usuarios_rol` FOREIGN KEY (`rol_id`) REFERENCES `roles` (`id`) ON DELETE SET NULL;
COMMIT;

/*!40101 SET CHARACTER_SET_CLIENT=@OLD_CHARACTER_SET_CLIENT */;
/*!40101 SET CHARACTER_SET_RESULTS=@OLD_CHARACTER_SET_RESULTS */;
/*!40101 SET COLLATION_CONNECTION=@OLD_COLLATION_CONNECTION */;
